$MeshFormat
4.1 0 8
$EndMeshFormat
$PhysicalNames
4
1 1 "Inlet"
1 2 "Walls"
1 3 "Outlet"
2 10 "FluidDomain"
$EndPhysicalNames
$Entities
4 4 1 0
1 0 0 0 0 
2 10 0 0 0 
3 10 1 0 0 
4 0 1 0 0 
1 0 0 0 10 0 0 1 2 2 1 -2 
2 10 0 0 10 1 0 1 3 2 2 -3 
3 0 1 0 10 1 0 1 2 2 3 -4 
4 0 0 0 0 1 0 1 1 2 4 -1 
1 0 0 0 10 1 0 1 10 4 1 2 3 4 
$EndEntities
$Nodes
9 3690 1 3690
0 1 0 1
1
0 0 0
0 2 0 1
2
10 0 0
0 3 0 1
3
10 1 0
0 4 0 1
4
0 1 0
1 1 0 99
5
6
7
8
9
10
11
12
13
14
15
16
17
18
19
20
21
22
23
24
25
26
27
28
29
30
31
32
33
34
35
36
37
38
39
40
41
42
43
44
45
46
47
48
49
50
51
52
53
54
55
56
57
58
59
60
61
62
63
64
65
66
67
68
69
70
71
72
73
74
75
76
77
78
79
80
81
82
83
84
85
86
87
88
89
90
91
92
93
94
95
96
97
98
99
100
101
102
103
0.09999999999992586 0 0
0.199999999999856 0 0
0.2999999999997771 0 0
0.3999999999996677 0 0
0.4999999999995511 0 0
0.5999999999994683 0 0
0.6999999999993983 0 0
0.7999999999993285 0 0
0.8999999999992587 0 0
0.9999999999991889 0 0
1.099999999999119 0 0
1.199999999999034 0 0
1.299999999998853 0 0
1.399999999998577 0 0
1.499999999998285 0 0
1.599999999997993 0 0
1.699999999997701 0 0
1.799999999997409 0 0
1.899999999997117 0 0
1.999999999996825 0 0
2.099999999996534 0 0
2.199999999996241 0 0
2.299999999995949 0 0
2.399999999995658 0 0
2.499999999995366 0 0
2.599999999995074 0 0
2.699999999994782 0 0
2.79999999999449 0 0
2.899999999994198 0 0
2.999999999993906 0 0
3.099999999993615 0 0
3.199999999993323 0 0
3.299999999993031 0 0
3.399999999992738 0 0
3.499999999992446 0 0
3.599999999992155 0 0
3.699999999991863 0 0
3.799999999991571 0 0
3.899999999991279 0 0
3.999999999991022 0 0
4.099999999991035 0 0
4.199999999991188 0 0
4.299999999991339 0 0
4.399999999991492 0 0
4.499999999991643 0 0
4.599999999991795 0 0
4.699999999991947 0 0
4.799999999992099 0 0
4.899999999992251 0 0
4.999999999992403 0 0
5.099999999992555 0 0
5.199999999992706 0 0
5.299999999992858 0 0
5.39999999999301 0 0
5.499999999993163 0 0
5.599999999993315 0 0
5.699999999993466 0 0
5.799999999993618 0 0
5.899999999993771 0 0
5.999999999993922 0 0
6.099999999994075 0 0
6.199999999994227 0 0
6.299999999994378 0 0
6.39999999999453 0 0
6.499999999994682 0 0
6.599999999994833 0 0
6.699999999994986 0 0
6.799999999995138 0 0
6.899999999995289 0 0
6.999999999995441 0 0
7.099999999995594 0 0
7.199999999995747 0 0
7.299999999995897 0 0
7.39999999999605 0 0
7.499999999996202 0 0
7.599999999996353 0 0
7.699999999996505 0 0
7.799999999996658 0 0
7.899999999996808 0 0
7.999999999996961 0 0
8.099999999997113 0 0
8.199999999997264 0 0
8.299999999997416 0 0
8.399999999997569 0 0
8.499999999997721 0 0
8.599999999997873 0 0
8.699999999998024 0 0
8.799999999998176 0 0
8.899999999998329 0 0
8.999999999998479 0 0
9.099999999998632 0 0
9.199999999998784 0 0
9.299999999998935 0 0
9.399999999999087 0 0
9.49999999999924 0 0
9.599999999999392 0 0
9.699999999999545 0 0
9.799999999999697 0 0
9.899999999999848 0 0
1 2 0 9
104
105
106
107
108
109
110
111
112
10 0.09999999999981468 0
10 0.1999999999995579 0
10 0.2999999999992664 0
10 0.399999999998975 0
10 0.4999999999986943 0
10 0.5999999999989468 0
10 0.69999999999921 0
10 0.7999999999994734 0
10 0.8999999999997368 0
1 3 0 99
113
114
115
116
117
118
119
120
121
122
123
124
125
126
127
128
129
130
131
132
133
134
135
136
137
138
139
140
141
142
143
144
145
146
147
148
149
150
151
152
153
154
155
156
157
158
159
160
161
162
163
164
165
166
167
168
169
170
171
172
173
174
175
176
177
178
179
180
181
182
183
184
185
186
187
188
189
190
191
192
193
194
195
196
197
198
199
200
201
202
203
204
205
206
207
208
209
210
211
9.9 1 0
9.799999999999999 1 0
9.699999999999999 1 0
9.6 1 0
9.5 1 0
9.399999999999999 1 0
9.299999999999999 1 0
9.199999999999999 1 0
9.099999999999998 1 0
8.999999999999998 1 0
8.899999999999999 1 0
8.799999999999999 1 0
8.699999999999999 1 0
8.599999999999998 1 0
8.499999999999998 1 0
8.399999999999999 1 0
8.299999999999997 1 0
8.199999999999998 1 0
8.099999999999998 1 0
7.999999999999996 1 0
7.899999999999997 1 0
7.799999999999996 1 0
7.699999999999996 1 0
7.599999999999995 1 0
7.499999999999995 1 0
7.399999999999995 1 0
7.299999999999995 1 0
7.199999999999994 1 0
7.099999999999993 1 0
6.999999999999993 1 0
6.899999999999993 1 0
6.799999999999994 1 0
6.699999999999993 1 0
6.599999999999993 1 0
6.499999999999994 1 0
6.399999999999993 1 0
6.299999999999994 1 0
6.199999999999994 1 0
6.099999999999994 1 0
5.999999999999995 1 0
5.899999999999994 1 0
5.799999999999994 1 0
5.699999999999994 1 0
5.599999999999994 1 0
5.499999999999995 1 0
5.399999999999995 1 0
5.299999999999995 1 0
5.199999999999995 1 0
5.099999999999994 1 0
4.999999999999996 1 0
4.899999999999995 1 0
4.799999999999995 1 0
4.699999999999996 1 0
4.599999999999996 1 0
4.499999999999995 1 0
4.399999999999996 1 0
4.299999999999996 1 0
4.199999999999996 1 0
4.099999999999996 1 0
3.999999999999996 1 0
3.899999999999996 1 0
3.799999999999997 1 0
3.699999999999997 1 0
3.599999999999996 1 0
3.499999999999996 1 0
3.399999999999997 1 0
3.299999999999996 1 0
3.199999999999998 1 0
3.099999999999997 1 0
2.999999999999997 1 0
2.899999999999996 1 0
2.799999999999997 1 0
2.699999999999997 1 0
2.599999999999997 1 0
2.499999999999996 1 0
2.399999999999998 1 0
2.299999999999997 1 0
2.199999999999998 1 0
2.099999999999999 1 0
1.999999999999998 1 0
1.899999999999999 1 0
1.799999999999999 1 0
1.699999999999999 1 0
1.599999999999998 1 0
1.499999999999998 1 0
1.399999999999999 1 0
1.299999999999999 1 0
1.199999999999999 1 0
1.099999999999998 1 0
0.9999999999999982 1 0
0.9000000000000004 1 0
0.7999999999999989 1 0
0.6999999999999993 1 0
0.6000000000000014 1 0
0.5 1 0
0.3999999999999986 1 0
0.2999999999999989 1 0
0.1999999999999993 1 0
0.09999999999999964 1 0
1 4 0 9
212
213
214
215
216
217
218
219
220
0 0.8999999999995836 0
0 0.7999999999999998 0
0 0.7000000000006934 0
0 0.6000000000013869 0
0 0.5000000000020587 0
0 0.4000000000016644 0
0 0.3000000000012483 0
0 0.2000000000008322 0
0 0.100000000000416 0
2 1 0 3470
221
222
223
224
225
226
227
228
229
230
231
232
233
234
235
236
237
238
239
240
241
242
243
244
245
246
247
248
249
250
251
252
253
254
255
256
257
258
259
260
261
262
263
264
265
266
267
268
269
270
271
272
273
274
275
276
277
278
279
280
281
282
283
284
285
286
287
288
289
290
291
292
293
294
295
296
297
298
299
300
301
302
303
304
305
306
307
308
309
310
311
312
313
314
315
316
317
318
319
320
321
322
323
324
325
326
327
328
329
330
331
332
333
334
335
336
337
338
339
340
341
342
343
344
345
346
347
348
349
350
351
352
353
354
355
356
357
358
359
360
361
362
363
364
365
366
367
368
369
370
371
372
373
374
375
376
377
378
379
380
381
382
383
384
385
386
387
388
389
390
391
392
393
394
395
396
397
398
399
400
401
402
403
404
405
406
407
408
409
410
411
412
413
414
415
416
417
418
419
420
421
422
423
424
425
426
427
428
429
430
431
432
433
434
435
436
437
438
439
440
441
442
443
444
445
446
447
448
449
450
451
452
453
454
455
456
457
458
459
460
461
462
463
464
465
466
467
468
469
470
471
472
473
474
475
476
477
478
479
480
481
482
483
484
485
486
487
488
489
490
491
492
493
494
495
496
497
498
499
500
501
502
503
504
505
506
507
508
509
510
511
512
513
514
515
516
517
518
519
520
521
522
523
524
525
526
527
528
529
530
531
532
533
534
535
536
537
538
539
540
541
542
543
544
545
546
547
548
549
550
551
552
553
554
555
556
557
558
559
560
561
562
563
564
565
566
567
568
569
570
571
572
573
574
575
576
577
578
579
580
581
582
583
584
585
586
587
588
589
590
591
592
593
594
595
596
597
598
599
600
601
602
603
604
605
606
607
608
609
610
611
612
613
614
615
616
617
618
619
620
621
622
623
624
625
626
627
628
629
630
631
632
633
634
635
636
637
638
639
640
641
642
643
644
645
646
647
648
649
650
651
652
653
654
655
656
657
658
659
660
661
662
663
664
665
666
667
668
669
670
671
672
673
674
675
676
677
678
679
680
681
682
683
684
685
686
687
688
689
690
691
692
693
694
695
696
697
698
699
700
701
702
703
704
705
706
707
708
709
710
711
712
713
714
715
716
717
718
719
720
721
722
723
724
725
726
727
728
729
730
731
732
733
734
735
736
737
738
739
740
741
742
743
744
745
746
747
748
749
750
751
752
753
754
755
756
757
758
759
760
761
762
763
764
765
766
767
768
769
770
771
772
773
774
775
776
777
778
779
780
781
782
783
784
785
786
787
788
789
790
791
792
793
794
795
796
797
798
799
800
801
802
803
804
805
806
807
808
809
810
811
812
813
814
815
816
817
818
819
820
821
822
823
824
825
826
827
828
829
830
831
832
833
834
835
836
837
838
839
840
841
842
843
844
845
846
847
848
849
850
851
852
853
854
855
856
857
858
859
860
861
862
863
864
865
866
867
868
869
870
871
872
873
874
875
876
877
878
879
880
881
882
883
884
885
886
887
888
889
890
891
892
893
894
895
896
897
898
899
900
901
902
903
904
905
906
907
908
909
910
911
912
913
914
915
916
917
918
919
920
921
922
923
924
925
926
927
928
929
930
931
932
933
934
935
936
937
938
939
940
941
942
943
944
945
946
947
948
949
950
951
952
953
954
955
956
957
958
959
960
961
962
963
964
965
966
967
968
969
970
971
972
973
974
975
976
977
978
979
980
981
982
983
984
985
986
987
988
989
990
991
992
993
994
995
996
997
998
999
1000
1001
1002
1003
1004
1005
1006
1007
1008
1009
1010
1011
1012
1013
1014
1015
1016
1017
1018
1019
1020
1021
1022
1023
1024
1025
1026
1027
1028
1029
1030
1031
1032
1033
1034
1035
1036
1037
1038
1039
1040
1041
1042
1043
1044
1045
1046
1047
1048
1049
1050
1051
1052
1053
1054
1055
1056
1057
1058
1059
1060
1061
1062
1063
1064
1065
1066
1067
1068
1069
1070
1071
1072
1073
1074
1075
1076
1077
1078
1079
1080
1081
1082
1083
1084
1085
1086
1087
1088
1089
1090
1091
1092
1093
1094
1095
1096
1097
1098
1099
1100
1101
1102
1103
1104
1105
1106
1107
1108
1109
1110
1111
1112
1113
1114
1115
1116
1117
1118
1119
1120
1121
1122
1123
1124
1125
1126
1127
1128
1129
1130
1131
1132
1133
1134
1135
1136
1137
1138
1139
1140
1141
1142
1143
1144
1145
1146
1147
1148
1149
1150
1151
1152
1153
1154
1155
1156
1157
1158
1159
1160
1161
1162
1163
1164
1165
1166
1167
1168
1169
1170
1171
1172
1173
1174
1175
1176
1177
1178
1179
1180
1181
1182
1183
1184
1185
1186
1187
1188
1189
1190
1191
1192
1193
1194
1195
1196
1197
1198
1199
1200
1201
1202
1203
1204
1205
1206
1207
1208
1209
1210
1211
1212
1213
1214
1215
1216
1217
1218
1219
1220
1221
1222
1223
1224
1225
1226
1227
1228
1229
1230
1231
1232
1233
1234
1235
1236
1237
1238
1239
1240
1241
1242
1243
1244
1245
1246
1247
1248
1249
1250
1251
1252
1253
1254
1255
1256
1257
1258
1259
1260
1261
1262
1263
1264
1265
1266
1267
1268
1269
1270
1271
1272
1273
1274
1275
1276
1277
1278
1279
1280
1281
1282
1283
1284
1285
1286
1287
1288
1289
1290
1291
1292
1293
1294
1295
1296
1297
1298
1299
1300
1301
1302
1303
1304
1305
1306
1307
1308
1309
1310
1311
1312
1313
1314
1315
1316
1317
1318
1319
1320
1321
1322
1323
1324
1325
1326
1327
1328
1329
1330
1331
1332
1333
1334
1335
1336
1337
1338
1339
1340
1341
1342
1343
1344
1345
1346
1347
1348
1349
1350
1351
1352
1353
1354
1355
1356
1357
1358
1359
1360
1361
1362
1363
1364
1365
1366
1367
1368
1369
1370
1371
1372
1373
1374
1375
1376
1377
1378
1379
1380
1381
1382
1383
1384
1385
1386
1387
1388
1389
1390
1391
1392
1393
1394
1395
1396
1397
1398
1399
1400
1401
1402
1403
1404
1405
1406
1407
1408
1409
1410
1411
1412
1413
1414
1415
1416
1417
1418
1419
1420
1421
1422
1423
1424
1425
1426
1427
1428
1429
1430
1431
1432
1433
1434
1435
1436
1437
1438
1439
1440
1441
1442
1443
1444
1445
1446
1447
1448
1449
1450
1451
1452
1453
1454
1455
1456
1457
1458
1459
1460
1461
1462
1463
1464
1465
1466
1467
1468
1469
1470
1471
1472
1473
1474
1475
1476
1477
1478
1479
1480
1481
1482
1483
1484
1485
1486
1487
1488
1489
1490
1491
1492
1493
1494
1495
1496
1497
1498
1499
1500
1501
1502
1503
1504
1505
1506
1507
1508
1509
1510
1511
1512
1513
1514
1515
1516
1517
1518
1519
1520
1521
1522
1523
1524
1525
1526
1527
1528
1529
1530
1531
1532
1533
1534
1535
1536
1537
1538
1539
1540
1541
1542
1543
1544
1545
1546
1547
1548
1549
1550
1551
1552
1553
1554
1555
1556
1557
1558
1559
1560
1561
1562
1563
1564
1565
1566
1567
1568
1569
1570
1571
1572
1573
1574
1575
1576
1577
1578
1579
1580
1581
1582
1583
1584
1585
1586
1587
1588
1589
1590
1591
1592
1593
1594
1595
1596
1597
1598
1599
1600
1601
1602
1603
1604
1605
1606
1607
1608
1609
1610
1611
1612
1613
1614
1615
1616
1617
1618
1619
1620
1621
1622
1623
1624
1625
1626
1627
1628
1629
1630
1631
1632
1633
1634
1635
1636
1637
1638
1639
1640
1641
1642
1643
1644
1645
1646
1647
1648
1649
1650
1651
1652
1653
1654
1655
1656
1657
1658
1659
1660
1661
1662
1663
1664
1665
1666
1667
1668
1669
1670
1671
1672
1673
1674
1675
1676
1677
1678
1679
1680
1681
1682
1683
1684
1685
1686
1687
1688
1689
1690
1691
1692
1693
1694
1695
1696
1697
1698
1699
1700
1701
1702
1703
1704
1705
1706
1707
1708
1709
1710
1711
1712
1713
1714
1715
1716
1717
1718
1719
1720
1721
1722
1723
1724
1725
1726
1727
1728
1729
1730
1731
1732
1733
1734
1735
1736
1737
1738
1739
1740
1741
1742
1743
1744
1745
1746
1747
1748
1749
1750
1751
1752
1753
1754
1755
1756
1757
1758
1759
1760
1761
1762
1763
1764
1765
1766
1767
1768
1769
1770
1771
1772
1773
1774
1775
1776
1777
1778
1779
1780
1781
1782
1783
1784
1785
1786
1787
1788
1789
1790
1791
1792
1793
1794
1795
1796
1797
1798
1799
1800
1801
1802
1803
1804
1805
1806
1807
1808
1809
1810
1811
1812
1813
1814
1815
1816
1817
1818
1819
1820
1821
1822
1823
1824
1825
1826
1827
1828
1829
1830
1831
1832
1833
1834
1835
1836
1837
1838
1839
1840
1841
1842
1843
1844
1845
1846
1847
1848
1849
1850
1851
1852
1853
1854
1855
1856
1857
1858
1859
1860
1861
1862
1863
1864
1865
1866
1867
1868
1869
1870
1871
1872
1873
1874
1875
1876
1877
1878
1879
1880
1881
1882
1883
1884
1885
1886
1887
1888
1889
1890
1891
1892
1893
1894
1895
1896
1897
1898
1899
1900
1901
1902
1903
1904
1905
1906
1907
1908
1909
1910
1911
1912
1913
1914
1915
1916
1917
1918
1919
1920
1921
1922
1923
1924
1925
1926
1927
1928
1929
1930
1931
1932
1933
1934
1935
1936
1937
1938
1939
1940
1941
1942
1943
1944
1945
1946
1947
1948
1949
1950
1951
1952
1953
1954
1955
1956
1957
1958
1959
1960
1961
1962
1963
1964
1965
1966
1967
1968
1969
1970
1971
1972
1973
1974
1975
1976
1977
1978
1979
1980
1981
1982
1983
1984
1985
1986
1987
1988
1989
1990
1991
1992
1993
1994
1995
1996
1997
1998
1999
2000
2001
2002
2003
2004
2005
2006
2007
2008
2009
2010
2011
2012
2013
2014
2015
2016
2017
2018
2019
2020
2021
2022
2023
2024
2025
2026
2027
2028
2029
2030
2031
2032
2033
2034
2035
2036
2037
2038
2039
2040
2041
2042
2043
2044
2045
2046
2047
2048
2049
2050
2051
2052
2053
2054
2055
2056
2057
2058
2059
2060
2061
2062
2063
2064
2065
2066
2067
2068
2069
2070
2071
2072
2073
2074
2075
2076
2077
2078
2079
2080
2081
2082
2083
2084
2085
2086
2087
2088
2089
2090
2091
2092
2093
2094
2095
2096
2097
2098
2099
2100
2101
2102
2103
2104
2105
2106
2107
2108
2109
2110
2111
2112
2113
2114
2115
2116
2117
2118
2119
2120
2121
2122
2123
2124
2125
2126
2127
2128
2129
2130
2131
2132
2133
2134
2135
2136
2137
2138
2139
2140
2141
2142
2143
2144
2145
2146
2147
2148
2149
2150
2151
2152
2153
2154
2155
2156
2157
2158
2159
2160
2161
2162
2163
2164
2165
2166
2167
2168
2169
2170
2171
2172
2173
2174
2175
2176
2177
2178
2179
2180
2181
2182
2183
2184
2185
2186
2187
2188
2189
2190
2191
2192
2193
2194
2195
2196
2197
2198
2199
2200
2201
2202
2203
2204
2205
2206
2207
2208
2209
2210
2211
2212
2213
2214
2215
2216
2217
2218
2219
2220
2221
2222
2223
2224
2225
2226
2227
2228
2229
2230
2231
2232
2233
2234
2235
2236
2237
2238
2239
2240
2241
2242
2243
2244
2245
2246
2247
2248
2249
2250
2251
2252
2253
2254
2255
2256
2257
2258
2259
2260
2261
2262
2263
2264
2265
2266
2267
2268
2269
2270
2271
2272
2273
2274
2275
2276
2277
2278
2279
2280
2281
2282
2283
2284
2285
2286
2287
2288
2289
2290
2291
2292
2293
2294
2295
2296
2297
2298
2299
2300
2301
2302
2303
2304
2305
2306
2307
2308
2309
2310
2311
2312
2313
2314
2315
2316
2317
2318
2319
2320
2321
2322
2323
2324
2325
2326
2327
2328
2329
2330
2331
2332
2333
2334
2335
2336
2337
2338
2339
2340
2341
2342
2343
2344
2345
2346
2347
2348
2349
2350
2351
2352
2353
2354
2355
2356
2357
2358
2359
2360
2361
2362
2363
2364
2365
2366
2367
2368
2369
2370
2371
2372
2373
2374
2375
2376
2377
2378
2379
2380
2381
2382
2383
2384
2385
2386
2387
2388
2389
2390
2391
2392
2393
2394
2395
2396
2397
2398
2399
2400
2401
2402
2403
2404
2405
2406
2407
2408
2409
2410
2411
2412
2413
2414
2415
2416
2417
2418
2419
2420
2421
2422
2423
2424
2425
2426
2427
2428
2429
2430
2431
2432
2433
2434
2435
2436
2437
2438
2439
2440
2441
2442
2443
2444
2445
2446
2447
2448
2449
2450
2451
2452
2453
2454
2455
2456
2457
2458
2459
2460
2461
2462
2463
2464
2465
2466
2467
2468
2469
2470
2471
2472
2473
2474
2475
2476
2477
2478
2479
2480
2481
2482
2483
2484
2485
2486
2487
2488
2489
2490
2491
2492
2493
2494
2495
2496
2497
2498
2499
2500
2501
2502
2503
2504
2505
2506
2507
2508
2509
2510
2511
2512
2513
2514
2515
2516
2517
2518
2519
2520
2521
2522
2523
2524
2525
2526
2527
2528
2529
2530
2531
2532
2533
2534
2535
2536
2537
2538
2539
2540
2541
2542
2543
2544
2545
2546
2547
2548
2549
2550
2551
2552
2553
2554
2555
2556
2557
2558
2559
2560
2561
2562
2563
2564
2565
2566
2567
2568
2569
2570
2571
2572
2573
2574
2575
2576
2577
2578
2579
2580
2581
2582
2583
2584
2585
2586
2587
2588
2589
2590
2591
2592
2593
2594
2595
2596
2597
2598
2599
2600
2601
2602
2603
2604
2605
2606
2607
2608
2609
2610
2611
2612
2613
2614
2615
2616
2617
2618
2619
2620
2621
2622
2623
2624
2625
2626
2627
2628
2629
2630
2631
2632
2633
2634
2635
2636
2637
2638
2639
2640
2641
2642
2643
2644
2645
2646
2647
2648
2649
2650
2651
2652
2653
2654
2655
2656
2657
2658
2659
2660
2661
2662
2663
2664
2665
2666
2667
2668
2669
2670
2671
2672
2673
2674
2675
2676
2677
2678
2679
2680
2681
2682
2683
2684
2685
2686
2687
2688
2689
2690
2691
2692
2693
2694
2695
2696
2697
2698
2699
2700
2701
2702
2703
2704
2705
2706
2707
2708
2709
2710
2711
2712
2713
2714
2715
2716
2717
2718
2719
2720
2721
2722
2723
2724
2725
2726
2727
2728
2729
2730
2731
2732
2733
2734
2735
2736
2737
2738
2739
2740
2741
2742
2743
2744
2745
2746
2747
2748
2749
2750
2751
2752
2753
2754
2755
2756
2757
2758
2759
2760
2761
2762
2763
2764
2765
2766
2767
2768
2769
2770
2771
2772
2773
2774
2775
2776
2777
2778
2779
2780
2781
2782
2783
2784
2785
2786
2787
2788
2789
2790
2791
2792
2793
2794
2795
2796
2797
2798
2799
2800
2801
2802
2803
2804
2805
2806
2807
2808
2809
2810
2811
2812
2813
2814
2815
2816
2817
2818
2819
2820
2821
2822
2823
2824
2825
2826
2827
2828
2829
2830
2831
2832
2833
2834
2835
2836
2837
2838
2839
2840
2841
2842
2843
2844
2845
2846
2847
2848
2849
2850
2851
2852
2853
2854
2855
2856
2857
2858
2859
2860
2861
2862
2863
2864
2865
2866
2867
2868
2869
2870
2871
2872
2873
2874
2875
2876
2877
2878
2879
2880
2881
2882
2883
2884
2885
2886
2887
2888
2889
2890
2891
2892
2893
2894
2895
2896
2897
2898
2899
2900
2901
2902
2903
2904
2905
2906
2907
2908
2909
2910
2911
2912
2913
2914
2915
2916
2917
2918
2919
2920
2921
2922
2923
2924
2925
2926
2927
2928
2929
2930
2931
2932
2933
2934
2935
2936
2937
2938
2939
2940
2941
2942
2943
2944
2945
2946
2947
2948
2949
2950
2951
2952
2953
2954
2955
2956
2957
2958
2959
2960
2961
2962
2963
2964
2965
2966
2967
2968
2969
2970
2971
2972
2973
2974
2975
2976
2977
2978
2979
2980
2981
2982
2983
2984
2985
2986
2987
2988
2989
2990
2991
2992
2993
2994
2995
2996
2997
2998
2999
3000
3001
3002
3003
3004
3005
3006
3007
3008
3009
3010
3011
3012
3013
3014
3015
3016
3017
3018
3019
3020
3021
3022
3023
3024
3025
3026
3027
3028
3029
3030
3031
3032
3033
3034
3035
3036
3037
3038
3039
3040
3041
3042
3043
3044
3045
3046
3047
3048
3049
3050
3051
3052
3053
3054
3055
3056
3057
3058
3059
3060
3061
3062
3063
3064
3065
3066
3067
3068
3069
3070
3071
3072
3073
3074
3075
3076
3077
3078
3079
3080
3081
3082
3083
3084
3085
3086
3087
3088
3089
3090
3091
3092
3093
3094
3095
3096
3097
3098
3099
3100
3101
3102
3103
3104
3105
3106
3107
3108
3109
3110
3111
3112
3113
3114
3115
3116
3117
3118
3119
3120
3121
3122
3123
3124
3125
3126
3127
3128
3129
3130
3131
3132
3133
3134
3135
3136
3137
3138
3139
3140
3141
3142
3143
3144
3145
3146
3147
3148
3149
3150
3151
3152
3153
3154
3155
3156
3157
3158
3159
3160
3161
3162
3163
3164
3165
3166
3167
3168
3169
3170
3171
3172
3173
3174
3175
3176
3177
3178
3179
3180
3181
3182
3183
3184
3185
3186
3187
3188
3189
3190
3191
3192
3193
3194
3195
3196
3197
3198
3199
3200
3201
3202
3203
3204
3205
3206
3207
3208
3209
3210
3211
3212
3213
3214
3215
3216
3217
3218
3219
3220
3221
3222
3223
3224
3225
3226
3227
3228
3229
3230
3231
3232
3233
3234
3235
3236
3237
3238
3239
3240
3241
3242
3243
3244
3245
3246
3247
3248
3249
3250
3251
3252
3253
3254
3255
3256
3257
3258
3259
3260
3261
3262
3263
3264
3265
3266
3267
3268
3269
3270
3271
3272
3273
3274
3275
3276
3277
3278
3279
3280
3281
3282
3283
3284
3285
3286
3287
3288
3289
3290
3291
3292
3293
3294
3295
3296
3297
3298
3299
3300
3301
3302
3303
3304
3305
3306
3307
3308
3309
3310
3311
3312
3313
3314
3315
3316
3317
3318
3319
3320
3321
3322
3323
3324
3325
3326
3327
3328
3329
3330
3331
3332
3333
3334
3335
3336
3337
3338
3339
3340
3341
3342
3343
3344
3345
3346
3347
3348
3349
3350
3351
3352
3353
3354
3355
3356
3357
3358
3359
3360
3361
3362
3363
3364
3365
3366
3367
3368
3369
3370
3371
3372
3373
3374
3375
3376
3377
3378
3379
3380
3381
3382
3383
3384
3385
3386
3387
3388
3389
3390
3391
3392
3393
3394
3395
3396
3397
3398
3399
3400
3401
3402
3403
3404
3405
3406
3407
3408
3409
3410
3411
3412
3413
3414
3415
3416
3417
3418
3419
3420
3421
3422
3423
3424
3425
3426
3427
3428
3429
3430
3431
3432
3433
3434
3435
3436
3437
3438
3439
3440
3441
3442
3443
3444
3445
3446
3447
3448
3449
3450
3451
3452
3453
3454
3455
3456
3457
3458
3459
3460
3461
3462
3463
3464
3465
3466
3467
3468
3469
3470
3471
3472
3473
3474
3475
3476
3477
3478
3479
3480
3481
3482
3483
3484
3485
3486
3487
3488
3489
3490
3491
3492
3493
3494
3495
3496
3497
3498
3499
3500
3501
3502
3503
3504
3505
3506
3507
3508
3509
3510
3511
3512
3513
3514
3515
3516
3517
3518
3519
3520
3521
3522
3523
3524
3525
3526
3527
3528
3529
3530
3531
3532
3533
3534
3535
3536
3537
3538
3539
3540
3541
3542
3543
3544
3545
3546
3547
3548
3549
3550
3551
3552
3553
3554
3555
3556
3557
3558
3559
3560
3561
3562
3563
3564
3565
3566
3567
3568
3569
3570
3571
3572
3573
3574
3575
3576
3577
3578
3579
3580
3581
3582
3583
3584
3585
3586
3587
3588
3589
3590
3591
3592
3593
3594
3595
3596
3597
3598
3599
3600
3601
3602
3603
3604
3605
3606
3607
3608
3609
3610
3611
3612
3613
3614
3615
3616
3617
3618
3619
3620
3621
3622
3623
3624
3625
3626
3627
3628
3629
3630
3631
3632
3633
3634
3635
3636
3637
3638
3639
3640
3641
3642
3643
3644
3645
3646
3647
3648
3649
3650
3651
3652
3653
3654
3655
3656
3657
3658
3659
3660
3661
3662
3663
3664
3665
3666
3667
3668
3669
3670
3671
3672
3673
3674
3675
3676
3677
3678
3679
3680
3681
3682
3683
3684
3685
3686
3687
3688
3689
3690
1.449999999998431 0.08660254037819107 0
1.741171811981702 0.0953010884976942 0
2.063127296959811 0.09504257930110135 0
2.357944944492069 0.0895274548887493 0
2.652904048110907 0.08929309814530671 0
2.947796063091998 0.08920679865304849 0
3.247942156031282 0.08143573139771071 0
3.552348925170723 0.06794975885701666 0
3.849351566901489 0.07621291138498182 0
1.149999999999076 0.08660254037832855 0
0.5499999999995091 0.08660254037836342 0
0.8558450800688937 0.09191010496227675 0
9.459323932240839 0.9099087214078776 0
9.163700601294195 0.904988679916937 0
8.841750564008656 0.9046611001318965 0
8.549999999999997 0.9133974596215565 0
8.250000000000007 0.9133974596215565 0
7.958616428982891 0.904685154052376 0
7.636662788445432 0.9049689591648165 0
7.341860364113242 0.910444922527574 0
7.046902079667257 0.9107314531935362 0
6.752268925371173 0.9103357901877822 0
6.443527977272645 0.9287387643302119 0
6.147478753383346 0.9320573093587801 0
5.855637286201273 0.9286450107925688 0
5.546771235380408 0.9102857317462517 0
5.251556574619157 0.9114107174591581 0
4.957177159024278 0.9083443042180117 0
4.662343157335401 0.9049133843355401 0
4.340382312644098 0.9047493992916544 0
4.049999999999995 0.9133974596215565 0
3.643335264469535 0.9045542655888386 0
3.349999999999996 0.9133974596215568 0
3.049999999999998 0.9133974596215565 0
2.760194854500866 0.9047854865667467 0
2.435984807359231 0.903295279847405 0
2.14358640383848 0.9084224749659877 0
1.848823367441403 0.9113637444781507 0
1.560614057320493 0.9033509501834558 0
4.249999999991219 0.08660254037855183 0
4.549454200010577 0.0846952927540337 0
4.849895300112986 0.1010148636583774 0
1.247440071351183 0.9216834187963472 0
5.151850784611437 0.07457578439086843 0
5.439863788009533 0.08982608049709817 0
0.647984321154599 0.9206064735987405 0
5.734076004233247 0.0968458944573435 0
0.9529911496665154 0.9320777003494691 0
6.049999999994029 0.08660254037854095 0
6.34962590025646 0.09002599413346349 0
6.645387070151679 0.09138754920687123 0
6.93668227262052 0.09667277844492507 0
7.249999999995783 0.08660254037853565 0
7.552362660830018 0.088921395058013 0
7.851037369268648 0.08865332966333744 0
8.144711937122368 0.09554223163039111 0
8.450856968283862 0.07452056895355526 0
8.746837179311338 0.0679144454052369 0
9.048485467316347 0.07438844154395322 0
9.351248921028958 0.1010082538957942 0
0.08660254037850353 0.5500000000013682 0
9.913397459621804 0.4499999999988346 0
0.3489733690054236 0.9111203626754892 0
9.649999999999469 0.08660254037857586 0
0.08660254037866967 0.3500000000012704 0
9.913397459621333 0.6499999999990784 0
4.049999999991055 0.08660254037840817 0
3.849999999999998 0.9133974596215573 0
9.652250104876394 0.9251776079890768 0
0.3478891619419031 0.1004097739635109 0
0.08613067098746549 0.7491826982397903 0
9.921518442999528 0.2532355563543009 0
0.0846772045058452 0.1504237369286875 0
9.923407299061632 0.849539991209046 0
0.1591825619067664 0.9094302752564345 0
9.84940676830044 0.08288993238496412 0
0.0862816510664718 0.2500706228223284 0
0.1731515992051638 0.3000117704712273 0
0.1731961671653414 0.4000019617461382 0
0.259797221945038 0.3500022887034011 0
0.2598076211360124 0.4500000000008182 0
0.3464084283157799 0.4000003814510336 0
0.3464098726479386 0.5000000635758051 0
0.4328520491613082 0.4502777491445711 0
0.432985878293357 0.550046302120027 0
0.5194236804954671 0.5003316835173401 0
0.5196651921887697 0.6000868289639124 0
0.6062062349006361 0.5500488735458081 0
0.6049873182331144 0.4497427947359492 0
0.6926133210003975 0.4999652780465945 0
0.6928139791258396 0.5999951791083848 0
0.7793873057514973 0.5499934095252855 0
0.7793824367924556 0.449993114594866 0
0.8660127397399503 0.4999977540193389 0
0.8660165553413727 0.3999984781017831 0
0.9526243587483478 0.4499993720193596 0
0.9526252359200296 0.5499995210056009 0
1.039229435598537 0.4999998155031501 0
1.039230165053167 0.5999999435794297 0
1.125832796848095 0.5499999598459009 0
1.125832812083939 0.4499999625570891 0
1.212435491813631 0.4999999870658326 0
1.212435517577909 0.3999999916026172 0
1.299038085475696 0.4499999964432773 0
1.299038090062521 0.5499999972500055 0
1.385640640085805 0.4999999989472179 0
1.3856406434858 0.5999999995453571 0
1.472243185010354 0.5499999997468941 0
1.472243185201132 0.4499999997806329 0
1.558845726369128 0.4999999999192642 0
1.558845726532272 0.3999999999481606 0
1.645448267069559 0.4499999999757904 0
1.645448267096327 0.5499999999803153 0
1.732050807532624 0.4999999999903519 0
1.73205080755319 0.5999999999937921 0
1.818653347938271 0.5499999999948089 0
1.818653347939107 0.4499999999951472 0
1.905255888322322 0.499999999995644 0
1.905255888323411 0.599999999995655 0
1.991858428702696 0.5499999999956426 0
1.991858428702577 0.4499999999958151 0
2.078460969081392 0.4999999999955315 0
2.078460969081169 0.3999999999957021 0
2.165063509459704 0.4499999999953619 0
2.16506350946004 0.5499999999952122 0
2.251666049838223 0.4999999999950152 0
2.251666049838566 0.5999999999948752 0
2.338268590216726 0.5499999999946629 0
2.338268590216408 0.4499999999948031 0
2.424871130594884 0.499999999994449 0
2.424871130594549 0.39999999999461 0
2.511473670973038 0.4499999999942422 0
2.511473670973365 0.5499999999940894 0
2.598076211351525 0.4999999999938774 0
2.598076211351851 0.59999999999374 0
2.684678751730007 0.5499999999935169 0
2.68467875172968 0.4499999999936629 0
2.771281292108157 0.4999999999932957 0
2.771281292107819 0.399999999993456 0
2.857883832486295 0.4499999999930804 0
2.857883832486656 0.5499999999929276 0
2.944486372864783 0.4999999999927028 0
2.944486372864437 0.3999999999928646 0
3.031088913242913 0.4499999999924854 0
3.031088913243266 0.5499999999923293 0
3.117691453621404 0.4999999999921064 0
3.115468031761609 0.59614892036356 0
3.201958458146251 0.5459547332303338 0
3.203904738023925 0.4493257888649826 0
3.288477436862869 0.4958100001867831 0
3.290428475462547 0.3991892981697216 0
3.377017882017789 0.4491665497201525 0
3.367023878183535 0.5615007289906575 0
3.462275550249442 0.5017778797789429 0
3.464101615135037 0.5999999999907277 0
3.550399811365641 0.550296313288501 0
3.550349087340678 0.4503456988383077 0
3.637250623415158 0.5000545928597742 0
3.637238172449568 0.4000667152765865 0
3.723894403422138 0.4500144414371046 0
3.723897418715927 0.5500115057093173 0
3.810508603981192 0.5000030889380072 0
3.03108891324256 0.3499999999926562 0
0.9526258718531333 0.3499996416861187 0
3.810509278278264 0.6000024324341582 0
3.897113641903129 0.5500006572979316 0
3.895568769566013 0.4529111988363337 0
3.981433300318204 0.5039941902317382 0
3.98333615203681 0.6006658079141372 0
4.069875354040878 0.5507766663499392 0
4.060909455748342 0.4375242856168576 0
4.155279607198745 0.4980501586531997 0
4.156574209044419 0.5998044708259765 0
4.243192801860152 0.5496424382383702 0
4.24319547726602 0.4496154328071644 0
4.330127018918472 0.4999999999875976 0
4.327537658993409 0.4043258339191242 0
4.416297999309278 0.4507209723091814 0
4.416657632632529 0.5501201620409117 0
4.503248185233359 0.5001401890495215 0
4.503306126157982 0.600043391839632 0
4.589916325394036 0.5500305968058065 0
4.589917601869958 0.4500284643002295 0
4.676537180432251 0.4999999999862637 0
4.676534340734596 0.4000047440385369 0
4.763139247527626 0.450000790661317 0
4.763139641930403 0.5500001317651617 0
4.849742169161911 0.500000153728046 0
4.849742166970412 0.4000001573885815 0
4.936344801567395 0.4499999999852905 0
4.936344786229897 0.5500000256090272 0
5.022947339389712 0.5000000042555908 0
5.022947338964029 0.6000000049673766 0
5.109549882084362 0.5500000003860867 0
5.109549881858187 0.4500000007633258 0
5.196152422585184 0.5000000001810156 0
5.196152422605248 0.4000000001468921 0
5.282754963071849 0.4499999999996001 0
5.282754963060362 0.5500000000193968 0
5.369357503454717 0.4999999999921976 0
5.369357503455785 0.5999999999910203 0
5.45596004383802 0.5499999999840777 0
5.45596004383715 0.4499999999849241 0
5.542562584216474 0.4999999999834546 0
5.542562584216143 0.399999999983402 0
5.629165124594963 0.4499999999827763 0
5.62916512459528 0.5499999999828387 0
5.715767664973578 0.4999999999824799 0
5.715767664973928 0.5999999999824872 0
5.802370205352199 0.5499999999821712 0
5.80237020535185 0.4499999999821613 0
5.88897274573047 0.499999999981855 0
5.888972745730819 0.599999999981863 0
5.975575286109091 0.5499999999815457 0
5.975575286108739 0.4499999999815479 0
6.062177826487362 0.4999999999812418 0
6.064869438576901 0.4046620088751481 0
6.149228968880615 0.4507770014632668 0
6.148855133868477 0.550129500228001 0
6.235470135413831 0.5001510836022134 0
6.23538993535667 0.6000121730278474 0
6.322001157003147 0.5500272094251476 0
6.322002603880827 0.4500297154914136 0
6.408593465607574 0.5000094874727022 0
6.408591760311584 0.4000065338140093 0
6.495192070032293 0.4500026702008572 0
6.495191698256313 0.5500020262653829 0
6.581793520679613 0.500000782730579 0
6.581793339058067 0.6000004681522513 0
6.668395729506868 0.5500002084664867 0
6.668395704518276 0.4500001651855601 0
6.754998185473626 0.5000000622611555 0
6.754998171404683 0.4000000378936378 0
6.841600699534663 0.4500000166780734 0
6.841600697493581 0.5500000131422002 0
6.9282032331454 0.5000000049554492 0
4.936344785863962 0.3500000262191191 0
6.928203232017787 0.600000003001725 0
7.014805771420315 0.5500000013113889 0
7.014662538572949 0.4502480873163593 0
7.101384439144164 0.5000413480896189 0
7.101404332509959 0.6000068915518741 0
7.188006209673386 0.5500080399250392 0
7.188006099137233 0.4500082313206216 0
7.274613391785601 0.4999999999770415 0
7.277036488102764 0.404199669663218 0
7.361619781550118 0.4506999449244407 0
7.361283240395253 0.5501166574680225 0
7.447896998812029 0.5001361003829421 0
7.447824799529008 0.6000109658022236 0
7.534435155130396 0.5500245110148638 0
7.534436457667221 0.4500267685503473 0
7.62102848445867 0.500008546578006 0
7.621026949283314 0.4000058858385737 0
7.707627481534908 0.450002405386369 0
7.707627146847424 0.5500018253110424 0
7.794229040894045 0.5000007050996432 0
7.794228877391147 0.6000004217185606 0
7.88083128279693 0.5500001877862282 0
7.880831260301171 0.4500001487975716 0
7.967433747184595 0.5000000560802939 0
7.967433734519141 0.4000000341293851 0
8.054036263871041 0.4500000150177564 0
8.054036262033611 0.5500000118325152 0
8.140638798156946 0.500000004457632 0
8.140638797447426 0.4000000032285481 0
8.227241336692423 0.450000001263394 0
8.227241336503852 0.5500000009359232 0
8.313843876543498 0.5000000003486937 0
8.311729806886452 0.5963383242912076 0
8.398586578791207 0.5467786662116108 0
8.400136443755574 0.4494631110753704 0
8.485179828896184 0.4967625749859222 0
8.486685773560605 0.3993709476586625 0
8.573279445510341 0.4493555870889634 0
8.56766654995301 0.5627452312832822 0
8.659194537930508 0.50201680304337 0
8.660254037841064 0.5999999999721389 0
8.746679994900962 0.5503361338170243 0
8.746650564347547 0.4503921561245819 0
8.833459118597599 0.4999999999715251 0
8.833424782952028 0.4000653593303343 0
8.920055936368319 0.4500108931977237 0
8.920060705208293 0.5500018155089567 0
9.00666308662522 0.5000021180983364 0
9.006663854938616 0.6000006555817892 0
9.093266496875517 0.5500004622603871 0
9.093266513801597 0.4500004300402027 0
9.179869259773115 0.5000000386851287 0
9.179869239066109 0.4000000781010895 0
9.266471810259105 0.4500000194443055 0
9.266471815395187 0.550000009668274 0
9.353074358314039 0.5000000048318024 0
9.353074358737079 0.4000000040257792 0
9.439676900848125 0.4500000007277235 0
9.439676900754808 0.550000000906107 0
9.526279441549416 0.5000000001131626 0
9.439676900824569 0.3500000007717678 0
9.526279441530903 0.6000000001491316 0
6.149332725398175 0.3577898348367868 0
8.227241336384916 0.3500000007310761 0
5.986985696773859 0.3457034112553262 0
9.612881981989267 0.5499999999962379 0
9.61288198198833 0.4499999999973413 0
7.362241656115369 0.3558295623464623 0
0.3464056427706567 0.6000077276165321 0
0.7815687601663088 0.3537296254828526 0
2.165063509459406 0.3499999999955345 0
8.573528958215995 0.3497877557728613 0
5.975575286109439 0.6499999999815431 0
7.193762738996251 0.3455071395115851 0
3.377340866146892 0.3497259746425885 0
0.779415879813868 0.6499980981050567 0
1.991858428702726 0.349999999996057 0
5.282754963063041 0.3500000000137105 0
7.188009414698836 0.6500024885643225 0
1.991858428703543 0.6499999999956148 0
6.495191414039688 0.3500015339889282 0
1.299038094356051 0.3499999980063299 0
8.400959497526497 0.6494520560909226 0
3.200754395380331 0.6478443552285573 0
7.707626890984223 0.3500013818544799 0
5.109549881787906 0.6500000008819886 0
2.511473670972703 0.3499999999944088 0
4.407104033815709 0.3417060197319625 0
8.920054982600067 0.3500127087354799 0
6.321989237205277 0.6500065637290205 0
3.7238953435543 0.3500135261123557 0
1.125833024920312 0.649999999998257 0
8.224774921565256 0.6457280449486316 0
5.629165124594569 0.3499999999828297 0
0.4306760102003682 0.3544300987546697 0
3.028494921073456 0.6455070737590455 0
7.534424424454038 0.6500059127869016 0
2.338268590217058 0.6499999999945398 0
4.936344798514776 0.6500000050863449 0
6.841600695148101 0.3500000090809453 0
4.243411244241001 0.6499078181692791 0
9.43967690114944 0.6500000001555857 0
1.645448267122971 0.3499999999853985 0
8.746827147666625 0.6500560222793459 0
4.244364566551761 0.3606400780922995 0
3.550653431488948 0.6500493855400337 0
1.645448267172209 0.649999999993502 0
5.455960043837996 0.6499999999847241 0
6.841600691451511 0.6500000026764193 0
7.880831233051325 0.6500001015673711 0
2.684678751730343 0.6499999999933931 0
4.58992725869143 0.6500123314319081 0
9.093266641854441 0.6500001862874484 0
9.612881981985945 0.6500000000032408 0
9.006664125639269 0.7000001402922003 0
4.503326540529349 0.7000092872032599 0
2.599117812987555 0.6981958930398764 0
7.794228684382067 0.7000000871978608 0
6.928203230415849 0.7000000002264726 0
5.369357503459669 0.6999999999851535 0
1.73205080756891 0.699999999996394 0
3.466504189145303 0.7000082309155548 0
8.664310755703443 0.7000093370233744 0
1.558845726753454 0.2999999999872917 0
4.156845110926167 0.6999520481581049 0
6.75499815403844 0.3000000078150383 0
2.251666049838891 0.699999999994763 0
7.447820095629646 0.7000028130825284 0
5.542562584215937 0.2999999999831487 0
1.039230431293966 0.6999999905952885 0
3.637292959864569 0.300013373558614 0
6.235384710193981 0.7000031227799626 0
8.833452283260145 0.3000130113253937 0
8.140638795955086 0.3000000006426992 0
2.424871130594236 0.2999999999947889 0
2.944486372864107 0.2999999999930472 0
7.621024252180543 0.3000012112661224 0
4.849742242868155 0.3000000305917452 0
4.934717190958724 0.2528191039048266 0
1.212435555457692 0.2999999982671105 0
9.35307436044207 0.3000000007794768 0
9.438008109530251 0.2528904320319414 0
1.299038105675912 0.2499999999981703 0
6.410987866864805 0.3003253690823829 0
6.495590655799543 0.2500544838316743 0
5.196152422683017 0.300000000016362 0
5.282754963074308 0.2499999999943049 0
0.6928802078565208 0.6999780010010648 0
0.7794316802795587 0.7499960165171069 0
3.290792156456636 0.2998192121300417 0
3.377455310333863 0.249924197789853 0
5.88897274573116 0.6999999999818585 0
5.975575286109791 0.7499999999815473 0
9.69948452237958 0.5999999999736345 0
9.699484522379237 0.6999999999749764 0
8.486968003288345 0.2998597838871196 0
8.573617581954661 0.2499412565915852 0
3.031088913242212 0.2495630047995769 0
7.707626158588654 0.2500001124794229 0
2.511473670972364 0.2499999999946036 0
8.225752531611588 0.2525786852013325 0
9.526001309601504 0.3004817387798622 0
2.684678751729336 0.3499999999938319 0
2.771281292107494 0.299999999993635 0
6.668395674248645 0.6500001127558547 0
6.581793124660615 0.7000000968043684 0
4.589931327073083 0.3500055347142471 0
4.676536154985255 0.300001713116251 0
7.794228777758665 0.30000024903906 0
5.629165124595664 0.6499999999827892 0
5.715767664974281 0.6999999999824763 0
7.101407408491427 0.7000015633378398 0
7.188010461533562 0.7500006753018656 0
1.299038102646425 0.6499999994644028 0
1.384809219689352 0.6985599287407982 0
9.093266695236377 0.350000084670735 0
1.90525588832523 0.6999999999958121 0
1.991858428704084 0.7499999999955554 0
3.723906850282868 0.6500023230171232 0
3.810510962589183 0.7000007925681048 0
9.179869265853817 0.3000000271088454 0
8.92005940702315 0.2500042866575925 0
6.321986379712088 0.7500016144050179 0
3.723904631478572 0.2500044832720298 0
3.806743813456572 0.2994046951445416 0
1.125833016045906 0.7499999984309982 0
5.628098331277274 0.2499999999827961 0
5.709612476167291 0.2994304124183357 0
7.534421852024974 0.750001454295627 0
2.336394245334221 0.7499999999944515 0
6.83942935622305 0.2500000028016582 0
6.919271428864709 0.2992582789138459 0
4.243492801618361 0.7499766443797831 0
1.64544826718925 0.249999999997294 0
1.732050807556614 0.299999999994997 0
8.747527792771525 0.7500108931982952 0
3.551096130511444 0.7500096027360339 0
1.648782335060994 0.7499999999960674 0
5.455960043838893 0.749999999983857 0
6.841600690177737 0.7500000004695769 0
0.261471656797708 0.2529029782908279 0
6.668395614387473 0.7500000090726686 0
9.611683769686646 0.7479246353689226 0
5.629165124596033 0.749999999982782 0
3.722479830197618 0.7475256390883551 0
5.714832071190891 0.7983795040137879 0
7.882166835665317 0.7476866297811264 0
7.967656334788157 0.6996144552077289 0
7.796294514213533 0.8142088805117812 0
6.58279311436914 0.798267905479036 0
2.686105702866258 0.7475284481265458 0
2.771519117298136 0.6995880746819287 0
2.599306521935597 0.8107806190957834 0
4.591064243311017 0.7480433372612483 0
4.676724217415236 0.6996759447729168 0
4.502410033469758 0.8142486750542188 0
9.094316105921601 0.7481824493219866 0
9.180044158163479 0.6996971059151319 0
9.004649035747919 0.814285960473014 0
3.117691453620661 0.2999271674602423 0
3.116983146068639 0.2011332087058438 0
1.385640644167691 0.2999999996659156 0
3.464067952962196 0.29994169539943 0
8.313595742343026 0.300429780970866 0
8.308300457108571 0.1860482112971094 0
5.022676070893459 0.3004698550105229 0
4.416729559297891 0.7499999999872521 0
8.660227962047948 0.299954835375424 0
6.062177826488076 0.6999999999812387 0
5.369357503455096 0.2999999999903729 0
6.408588774946947 0.700001363008941 0
7.274613087355744 0.7000005272956153 0
7.62102426173937 0.7000012278308838 0
6.581859904270908 0.3000093362896141 0
0.866025709331903 0.6999990191029269 0
8.833566082598031 0.7000111525605013 0
1.561904047228059 0.6985599289038875 0
2.07846096908222 0.6999999999953146 0
2.424871130595591 0.6999999999942048 0
5.013765215919776 0.1864343596248429 0
1.297422460290228 0.7472016211282293 0
1.38856903192884 0.8041657309847468 0
9.094316124729202 0.2518176237026916 0
9.188032036296709 0.1860626382677334 0
4.589934640052857 0.2499999999865943 0
4.685611626232736 0.1859932552941373 0
9.516035465862075 0.1866245757004892 0
9.609930085055197 0.2499264170032463 0
2.685932102592433 0.2521708673692165 0
2.772743534781173 0.202532678598221 0
6.92696134237082 0.7978489870345858 0
5.370652726459808 0.7977566079424713 0
5.284266056581028 0.7473827092691822 0
1.731281529077834 0.797705108072806 0
3.466652063699983 0.7982611897868508 0
3.370850479326142 0.7455351898006477 0
8.66275335051122 0.7976832107350053 0
8.568239721148821 0.7442176663415819 0
1.560343378165422 0.2025940082507793 0
4.158929987994108 0.7978068303092001 0
4.071637041835914 0.7504974527473769 0
6.756196261350284 0.2027020010624622 0
2.252962266873554 0.797213809472099 0
7.449840751798915 0.7993613942423835 0
5.545338830033742 0.2007366485639217 0
8.656855566763278 0.2007272263963748 0
1.042677948968041 0.7992663650661909 0
1.129144947614685 0.8438727846018081 0
6.058569574944396 0.799297251525203 0
5.971795212150676 0.8439847421323675 0
3.640970584144441 0.2006940235844453 0
3.727859655512198 0.1559757541250126 0
8.570503337697055 0.1561557456377123 0
3.463783649724141 0.2006204562684626 0
3.373655291872253 0.1558449468583267 0
6.235747344498252 0.799381594505068 0
6.325992262827434 0.8441812157555098 0
0.8655009259159036 0.7994455631792979 0
0.7748140206524621 0.8442444079763369 0
8.834043285561373 0.2005320975275525 0
8.92492045050594 0.1557439705127063 0
5.634151948765108 0.1502736575504751 0
5.378645212296502 0.18459714615279 0
5.278233573126981 0.153058998765198 0
7.282894212781241 0.8156740286637104 0
7.192941529055048 0.8406153046419474 0
2.416690077659616 0.1842985205467764 0
2.338268590215841 0.2499999999951507 0
2.506703953707341 0.1593765933055519 0
7.53743316156473 0.8500215632955117 0
2.086031306271243 0.8155653321076265 0
1.995594873389207 0.8406109888481933 0
7.609458941412706 0.1836926498212773 0
7.527955720460533 0.2538072370530932 0
7.704487201997352 0.1565991371419647 0
6.588850710055125 0.1842538092242745 0
6.497994472153305 0.1593539872365064 0
9.699473841141209 0.7927667351009268 0
9.786087062761334 0.7499999999680214 0
9.77385184770757 0.8438038307939469 0
2.339205740676652 0.8485870467133436 0
1.392315585240503 0.1833659219345733 0
1.300179120774705 0.1565432185248963 0
6.841725512831527 0.150706155851842 0
4.246642343223218 0.84762107211487 0
1.647976665285361 0.1524384707185558 0
8.749290810622036 0.847609266720835 0
9.179869280112269 0.7999999999704467 0
9.266500966832492 0.7499495176276414 0
9.262223521224557 0.85009102231558 0
9.350189983665345 0.7993492347899536 0
3.806491587099176 0.8141136251548615 0
3.897114317027338 0.7499999999890856 0
4.676537180433413 0.7999999999862543 0
4.763170893642029 0.7499459907837014 0
4.758589292298637 0.8479362001431394 0
4.847361446973783 0.7968279373676898 0
3.552081961618234 0.8476927897727822 0
2.77128129210922 0.799999999992964 0
2.85792347001895 0.7499313457741993 0
2.854728727060228 0.8479738304887038 0
2.941807504893605 0.7975280222120192 0
7.967433714814224 0.7999999999746243 0
8.054073358521533 0.7499357425131762 0
8.051900182243543 0.8479833208812139 0
8.138493429130122 0.7973703080874821 0
1.650263143846885 0.8473867217785909 0
8.139580714029769 0.2022655045561061 0
8.053859908331768 0.2503775841828433 0
8.053836664850763 0.1524843819152003 0
7.968706701687223 0.2027903959994228 0
2.945037987901849 0.1976913053776897 0
4.849742261188019 0.1999999999856141 0
9.352411882971639 0.2062918972035127 0
5.455884015559702 0.8485428776480468 0
6.842338722951489 0.8485471582671729 0
1.555649876865877 0.09627639949215394 0
8.143837388328254 0.9040475575140142 0
4.155435504592683 0.9041330300187068 0
8.65656622888571 0.9040099096664904 0
2.944819311151652 0.9029886142802878 0
3.458391606064835 0.9046046321176815 0
6.753009207659701 0.09684421856640228 0
7.958917966954346 0.09636135553206182 0
1.741581664213618 0.9037072136016057 0
5.35980280253083 0.9039235395761765 0
6.939079512543127 0.9039028131465633 0
6.6662483154154 0.8482138982845264 0
2.251666049839486 0.899999999994621 0
6.58765058859714 0.8913988377798696 0
5.631628172405739 0.8481229322805267 0
4.84974226119068 0.8999999999855894 0
5.710724542180693 0.8913058957714363 0
0.1732035951584354 0.5000003269588359 0
9.915822860641882 0.7499800426556741 0
0.08660080718015831 0.4500003814518893 0
0.173204833157637 0.60000005449441 0
0.259806531001337 0.5500013621080373 0
0.2598066450572538 0.6500015240370184 0
0.3464092457123998 0.7000015419421592 0
0.2598076211391188 0.7500000000015762 0
0.3471291362017254 0.8025134031696332 0
0.4333340338227288 0.7506175213199838 0
0.2563829615024586 0.8510127904997904 0
0.4370517902424572 0.8499994407722049 0
0.5202190822597611 0.7984318547988272 0
0.536446178095485 0.9060727932705019 0
0.5198398686547218 0.6998351556460704 0
0.1697467033868401 0.8007869922386024 0
0.1725498356843597 0.6999952115020728 0
9.352598489042276 0.6998831254138167 0
9.437448068154669 0.7469816282554029 0
9.699484522380619 0.4999999999710753 0
9.699484522378905 0.3999999999737007 0
9.786087062760581 0.5499999999681405 0
9.786087062760283 0.4499999999682193 0
9.786087062759847 0.3499999999682675 0
9.698992539556281 0.2999877361418272 0
9.786087062759623 0.2499999999683618 0
9.700100342210261 0.1852592802953788 0
9.749917851751499 0.08599921560379753 0
9.913397459621423 0.5499999999989481 0
9.612261646700826 0.3500659819774983 0
1.472243186432501 0.2499999999977012 0
3.203171957421352 0.2518554203174528 0
2.601446641061505 0.1847223551904756 0
8.833459118598654 0.7999999999715989 0
4.149999999991118 0.0866025403784904 0
4.099999999990978 0.1732050807568566 0
4.000517946945655 0.1729060439430331 0
4.048361644834364 0.2587620374066602 0
3.953937770983651 0.2576498773734384 0
4.143604338526691 0.254861254326404 0
4.004070421853824 0.34363922385943 0
3.901432004323661 0.346388442114346 0
4.198934056413716 0.1715212147483776 0
4.299822342728259 0.1720649648818813 0
4.349970390447459 0.08641252106607539 0
4.397350208595487 0.1714734780413266 0
4.350584160699531 0.2528304942223406 0
4.449462466504729 0.08596439543642954 0
4.502938190480946 0.1863775573204957 0
3.553010433810544 0.2532539806083235 0
2.858219475437635 0.2500373306582442 0
2.857513058885632 0.1510569937767098 0
2.760765642667247 0.09611168916351384 0
3.034201592058663 0.1507933451004814 0
3.130270903300311 0.09593893708575504 0
8.349999999997443 0.08660254037857586 0
8.252538202776824 0.08827514168189136 0
9.244214148643696 0.09003058972552172 0
9.147654138180787 0.08562302344880598 0
7.047780378766364 0.08828091338957796 0
7.004485261396664 0.177004589608564 0
7.099999999995453 0.1732050807569964 0
7.057739481202174 0.2541839999571375 0
7.149630063124115 0.0868822692136855 0
7.199938343850403 0.1730534923602849 0
7.299989723971533 0.1723598746329135 0
7.247141254794865 0.2549361046605066 0
7.349998287325196 0.08646167269118091 0
7.400833275832731 0.1649102702947871 0
6.149999999994134 0.08660254037852125 0
6.099999999994062 0.1723265452852351 0
6.199999999994203 0.1721801227065959 0
5.999999999994051 0.1724877332410293 0
6.044218865962675 0.2549013704903695 0
5.949999999993906 0.08648298245920751 0
5.899999999993971 0.1724946715804927 0
5.847346000700414 0.08817143820905907 0
5.799999999993978 0.1732050807573108 0
5.854405289842836 0.2532940703976457 0
6.249937650037962 0.08700228966259821 0
6.299667857207288 0.1745249112858793 0
6.254591094466797 0.2551121216224957 0
8.39939326275417 0.2494982663941583 0
5.052196451884081 0.08536793956632589 0
4.957072689973918 0.08995528825201293 0
1.47224318585696 0.3499999998962358 0
9.553621362326908 0.08704697401513135 0
9.458428316835985 0.09033706572401287 0
4.647832265036254 0.08653556908868366 0
4.742714143176393 0.09008801437409522 0
5.547943066153296 0.09668105396923758 0
7.449999999996152 0.08660254037853404 0
1.385640639190556 0.3999999987899348 0
3.551010036926973 0.3506035772787118 0
5.89034619229828 0.7922863724754301 0
8.140227728170419 0.599288010353851 0
1.206414706475283 0.1842003374359178 0
1.125833024919282 0.2499999999985951 0
2.598076211351219 0.3999999999940185 0
9.179898365425334 0.5999496337977732 0
1.905255888322874 0.399999999995949 0
1.905255888324058 0.2999999999963794 0
1.992943123950838 0.2518787472771608 0
1.903703224218998 0.185732237607011 0
1.818653347945995 0.2499999999967755 0
2.078641751622317 0.3003131245427115 0
2.165093639882662 0.2500521874201987 0
2.25167107157484 0.300008697899432 0
2.249742197122008 0.2006386486558912 0
2.162176013394593 0.1499795056788846 0
2.078460969080642 0.1999999999960903 0
5.196299258150997 0.2072780343410194 0
3.29191888812828 0.2079053163096209 0
6.754308402969809 0.8011828093767672 0
1.125832979853522 0.3499999920704658 0
1.039230131645103 0.2999999389586054 0
1.037766375031352 0.2025358000114629 0
0.9523835217100413 0.250422563442275 0
0.9502084775223745 0.1519263592303361 0
0.8629341703380932 0.2003671689164087 0
0.7874874775348756 0.1592649401311119 0
1.043574796186926 0.09613846395752561 0
1.039229264963764 0.3999997871324648 0
1.732050807567377 0.1999999999971502 0
1.81865334794277 0.3499999999960008 0
2.338269427172293 0.3500014496456596 0
3.751805101362949 0.9118297586229304 0
7.098347596757204 0.8156199000330295 0
3.95 0.9154855241176658 0
3.993361675224516 0.8184328373385271 0
7.798392542257841 0.1841407646584274 0
8.400103850338054 0.3497703149932589 0
8.489270665901156 0.2079074357934593 0
5.28300681199396 0.6495637848722413 0
9.352995047524335 0.5999805234909759 0
7.621023553300416 0.7999999999758829 0
2.857939772977964 0.3500062217707212 0
7.53334672077925 0.3506401837768288 0
3.804376142385307 0.2095206834381765 0
4.504591468253455 0.2964728752947808 0
2.650000000000009 0.9133974596215592 0
2.547548554882473 0.9090447129679802 0
2.502837645252092 0.8324591940353363 0
2.598846841446593 0.2978155370894258 0
3.463676895940661 0.4002602292763555 0
3.149999999999984 0.9133974596215584 0
3.099999999999994 0.826794919243135 0
3.201301993512891 0.8260432129379641 0
3.147916037433055 0.7446280647479637 0
3.249999999999913 0.7401923788647267 0
3.305842238039488 0.6554700065971533 0
3.307811961077525 0.8222846814121038 0
3.251518992431731 0.9125204689321973 0
1.450000000000008 0.9133974596215622 0
1.492183979591258 0.8308376503879416 0
1.347164853099029 0.9074230566771031 0
3.117626577625098 0.3998754927157551 0
2.251667026286813 0.400001691254301 0
7.102082290524742 0.4030032716248847 0
4.070330787548279 0.6502827409973881 0
5.89290484121725 0.4028005891900794 0
5.106879507551184 0.2509690266719491 0
4.330127018919242 0.6999999999875705 0
4.763139720809762 0.2499999999859325 0
0.8660682009688992 0.3011736462654917 0
5.196446246349264 0.6994910824961371 0
5.200594861936659 0.8164721684464787 0
5.110339259382247 0.7526605419632394 0
5.107988946519974 0.8413188249212523 0
5.01502440849281 0.8146270709157696 0
5.021758414785056 0.7028812706333533 0
0.6499999999994212 0.08660254037836906 0
0.5979629684768235 0.1743811614546726 0
0.4999999999995414 0.1732050807567205 0
0.5479491737898083 0.2547400728253074 0
0.6522449756167087 0.2561568347218686 0
0.6028226557788123 0.3445665690499748 0
6.754998187948301 0.600000066546832 0
5.109422259874657 0.3500624254795035 0
9.526129696918794 0.4000912870612259 0
1.732050807527274 0.3999999999896143 0
9.350200226992772 0.9034907597378203 0
9.050000000000015 0.9133974596215295 0
8.950992601309304 0.9119557462333799 0
7.85 0.9133974596215539 0
4.763138978982633 0.3500012392970606 0
0.866015802453466 0.5999979669594913 0
4.33012701891963 0.7999999999875845 0
9.00614549758599 0.2079399403667511 0
7.450042842218378 0.9035884051084965 0
7.750000000000005 0.9133974596215403 0
7.361215932164932 0.7499999999767242 0
4.549999999999998 0.9133974596215541 0
4.450000000000006 0.9133974596215647 0
6.581804703779454 0.4000024147291085 0
0.6942770012697976 0.4029765236913874 0
7.880831215980185 0.3500000719818238 0
6.754883210197247 0.700197166816353 0
7.967470852507791 0.5999358020747484 0
9.557257697810488 0.9121056902825131 0
8.44999999999999 0.9133974596215817 0
8.499999999999989 0.8267949192431301 0
8.39999999999999 0.8267949192431656 0
8.451643086398299 0.7404120117813631 0
8.518673265572458 0.6587647842804814 0
8.346833896464162 0.745247308479205 0
3.810340489717312 0.3997892320971148 0
4.849742229639693 0.6000000526933527 0
6.408592476899894 0.6000077749801587 0
6.495191657033716 0.6500019548651373 0
6.496357566650312 0.7479797745327309 0
6.407610417825477 0.7920425099993343 0
3.95049619925658 0.08452205926347092 0
5.714741800172289 0.3999050687217887 0
6.232922180057024 0.4060391293467047 0
6.312141252509164 0.3415634509734815 0
5.806870878067858 0.3390161056092494 0
7.446062368934095 0.30667296177596 0
6.926547494968213 0.4001658191070735 0
3.204293993999127 0.3499999999920574 0
4.501848435925806 0.3981790092333204 0
5.022880856574561 0.4000887186188921 0
5.196243367976839 0.5998424781394777 0
8.313693764342915 0.3999438682304431 0
5.802370205352545 0.6499999999821757 0
7.794229111242199 0.4000008270264912 0
4.416712316075972 0.6500288068410364 0
5.54256258421688 0.5999999999833765 0
6.148794299876945 0.6500241326631956 0
4.676564057445771 0.5999531674579982 0
7.274623546012229 0.6000212855344611 0
0.2409756281862135 0.0919308180932589 0
7.707626093678699 0.7499999999755267 0
0.6938789673357111 0.7923302792762301 0
1.949999999996971 0.08660254037819097 0
5.542562584217209 0.6999999999834388 0
2.24974564665729 0.09639101521793197 0
4.158469670434673 0.4009216770038875 0
6.062192609823231 0.6000256054694609 0
0.4499999999996181 0.08660254037835746 0
7.621027594384708 0.6000070039161991 0
5.455960043837358 0.2499999999834007 0
5.455960043836851 0.3499999999848252 0
0.1816167523114327 0.1852164373145058 0
1.849999999997264 0.08660254037818825 0
8.349999999999987 0.9133974596216122 0
2.857930076273814 0.6499199034045291 0
7.447600663976346 0.4023342536261635 0
5.369357503453116 0.3999999999942717 0
4.763180550210505 0.6499292145764556 0
7.014804957584412 0.6500014099012077 0
2.078460969081716 0.5999999999953965 0
7.01480577065114 0.749999999977946 0
7.361230116847801 0.6500253748599292 0
4.33012701891884 0.5999999999875922 0
8.744643224346712 0.253216249546089 0
1.901291715860405 0.8154918572806624 0
3.897050201540036 0.6501116150320352 0
0.3462960301108154 0.3012226245335399 0
0.3464101615137827 0.2000000000007521 0
2.42487113059522 0.5999999999943137 0
1.212435527179321 0.5999999932878084 0
2.771328636937852 0.5999179963432651 0
0.9526258813693947 0.6499994068735697 0
8.660041397272352 0.4001794211083665 0
9.266418140397182 0.6499099859856021 0
1.818653347947083 0.6499999999961825 0
1.559355446551634 0.5997599880901763 0
6.668395609135573 0.2499999999790962 0
4.849357453424892 0.6994505334154908 0
0.4424298577450338 0.2529276879116201 0
8.833442451324686 0.6000675206847492 0
8.054017221932039 0.6497956703260118 0
8.13980466587812 0.6986862960338154 0
8.238219211267511 0.746879943791985 0
8.920061658976824 0.7499999999711813 0
3.637235805193429 0.6000690200674563 0
6.404202032668423 0.1866538908580252 0
8.054006869156149 0.3500629395293223 0
8.74640670237112 0.3506368388016982 0
9.913397459621841 0.3499999999991206 0
9.00666419935405 0.3999999999710345 0
5.54366186266633 0.8011585902708172 0
7.707627109737235 0.6500017609916788 0
6.668408707857887 0.3500019936486758 0
1.209443068342216 0.793404507638944 0
5.801507587032988 0.7468238167676323 0
1.211667533237401 0.6984343533247733 0
9.266471809141173 0.350000021571604 0
7.967611600684706 0.3005385042996247 0
2.165063509460364 0.6499999999950905 0
9.006751151088139 0.3016291073507141 0
0.9548576307071832 0.7467663979836408 0
8.920072245265423 0.6500096767297763 0
2.512688872881642 0.6478952085479304 0
6.146489305961545 0.7467479822951479 0
1.818653347947393 0.7499999999960809 0
0.08641464670132762 0.6498629940399535 0
2.944061748134581 0.5992378295223318 0
1.4718678626337 0.6480399030783179 0
9.786087062761037 0.649999999968105 0
7.880831174433771 0.2499999999749509 0
3.985471695868815 0.7033317423364249 0
8.300000000000086 0.8267949192432199 0
3.637113123927782 0.6996093284064853 0
4.936344801568574 0.7499999999854013 0
9.525708267355654 0.6991510439835152 0
9.266471820488865 0.2499999999701275 0
2.165063509460748 0.7499999999949815 0
2.943551105606399 0.6986873624440221 0
3.636907051767454 0.7974237240946868 0
9.518111227883763 0.8123252772661275 0
3.040607380682049 0.7467574173799999 0
0.4331066435737723 0.6500991796014473 0
0.6063205960793617 0.6499906730441503 0
0.6056749666534158 0.7465903827505481 0
8.651517107713458 0.0944855793159738 0
1.048271276230447 0.9054987739265896 0
7.149885561932257 0.2536020205099776 0
6.052300802892288 0.9054677301605509 0
3.647488923636944 0.09454423303550145 0
7.014044069344953 0.3388067009541169 0
0.5162468477067509 0.403997551215636 0
3.453757637160084 0.08886361225970923 0
6.246048684485953 0.9112022218557374 0
0.8544690977167461 0.9113839729232565 0
0.7631955587337378 0.2529736486714571 0
8.845343525906648 0.08855042410256769 0
5.949999999994086 0.2563820715111867 0
3.889045814088314 0.1687342690880247 0
5.341123762235277 0.08295419734934467 0
7.357205235045699 0.2578244821681298 0
4.246548827116965 0.2667380594596628 0
6.149426197712634 0.266824169856048 0
0.08206145175029735 0.8469554451923575 0
0.1490766441812267 0.08355086318557928 0
9.906780341677404 0.1550119482315481 0
7.246146096506862 0.9151480579751147 0
5.710742266814512 0.2009923177587547 0
2.45367116846168 0.08482597934893825 0
9.847378110358939 0.9107613015231497 0
5.053281623100934 0.9149433527484672 0
2.050154784483193 0.9156639366062813 0
7.647348622516024 0.0834490588784348 0
7.499999999996198 0.1642767465631557 0
6.551376452688006 0.08404050121175421 0
1.476142309087201 0.7451697759946618 0
1.354691933090507 0.0825600875400429 0
1.246242163820779 0.08305328469323878 0
5.808587821923002 0.8511258035164166 0
2.418196640635002 0.7983914527936675 0
3.207567014733333 0.1608044811761153 0
4.095737215319819 0.3382932128210681 0
9.799999999999585 0.1612435405638665 0
6.489702398208767 0.851505109743375 0
2.514727589555091 0.7423744725739971 0
6.444966255090705 0.08357830213146306 0
3.899393515870206 0.8422858892443396 0
8.417160527293401 0.1559857938004903 0
9.099178230963121 0.8380289687189786 0
9.079330493257565 0.1558332996936899 0
0.6137034316432382 0.8390907023440219 0
7.701488173697276 0.8382502862169898 0
1.997999417870535 0.1625881659421175 0
6.915175218474691 0.1999999999782787 0
5.121543621746609 0.1556004068043942 0
7.755834364104761 0.08272027796925506 0
4.596543573536328 0.8367256666006559 0
4.595923661461063 0.1602099316827029 0
1.943845503284979 0.9169812256614367 0
0.6966140150516099 0.1706271837015441 0
5.157150677396503 0.9171867135568643 0
9.624430760422918 0.8435713181673141 0
9.605692708102106 0.1624521876332314 0
3.394864479965901 0.6525028312589483 0
2.55754002036962 0.08285345170728911 0
7.00521926039791 0.8356206306771322 0
7.142306416335273 0.9172175065751342 0
2.69337767428239 0.8352984026807198 0
2.694758393842653 0.1649661376933468 0
0.7491451167219267 0.07813527121927272 0
4.407929784866277 0.8364791067884551 0
5.293374604425496 0.8353891485386934 0
9.749999999999979 0.9289924129872482 0
6.336380062836576 0.2519441467511562 0
1.808326324908131 0.8356535846858612 0
1.809115838342267 0.1635271732953638 0
7.890902298735194 0.8359956247882924 0
7.891577150920366 0.1643891691656401 0
8.910182595728271 0.8361805613562142 0
5.249999999992784 0.07024295868098193 0
8.949999999998417 0.06965434752869377 0
0.7499999999999994 0.9304476503626051 0
3.712203766979346 0.8350894025099346 0
6.350308712798179 0.9294288557148571 0
3.349999999992881 0.06918733037158077 0
1.117048720758144 0.1652148611146532 0
3.750767990143739 0.07082067964873764 0
1.280750708394464 0.8404586661112607 0
5.948838466244778 0.927805724714956 0
8.214176768529825 0.1649419548733661 0
1.481229094617803 0.1655640495270068 0
1.151173533804154 0.9284473536152847 0
8.549046370581989 0.0704971485621136 0
8.474213144147871 0.5829006625704437 0
4.433392750028188 0.250250152729337 0
5.649999999993384 0.06811364010028143 0
8.587511860109146 0.8372206331215528 0
6.682367771670473 0.1650375156078213 0
8.214783748939166 0.8372993940965292 0
9.250000000000005 0.9324289304159864 0
9.280475761885974 0.1666786758125379 0
3.390531506348539 0.8375973947049744 0
7.549999999999985 0.9325243171923026 0
2.149999999996385 0.06742303105556689 0
2.179861907256702 0.8342403233070632 0
4.754134942164941 0.9305699168928538 0
2.345371319575073 0.9303764653110739 0
4.921130015450025 0.8339598624944924 0
4.921038531630685 0.1660447230851348 0
4.774868022871509 0.1664140004104642 0
0.2529077784829294 0.9343126856863428 0
6.84915072682559 0.9329573401042981 0
6.847345284727513 0.06828954412962472 0
2.850710123375564 0.932405828329911 0
2.85117163007174 0.06702007639782048 0
4.249450449013109 0.9325037415142028 0
5.450000000000002 0.9332149262488798 0
2.324157742764915 0.1650275102567662 0
1.650179217593365 0.9323986400233303 0
1.649620871290806 0.06748917661250388 0
8.050226676361675 0.932775118368678 0
8.050388721828377 0.06728235774129354 0
7.375455048454331 0.8349431467888997 0
8.749875447913206 0.9327682375769372 0
0.9499999999992238 0.06668968696789844 0
3.549999999999999 0.933331680544591 0
1.573796020095962 0.7985000623913197 0
9.426291976292553 0.8335521618149837 0
9.425065857118312 0.1674053437172965 0
0.2740106846361983 0.1664668041141421 0
4.085872841929443 0.8368535220070735 0
5.471463533271441 0.1653536616160317 0
8.739057029082392 0.1636018787335016 0
0.9604930291547029 0.8363614619257231 0
3.01676161516317 0.8373804720910843 0
6.140737697026054 0.8362705181857871 0
3.558809434111782 0.1637596822522552 0
0.4477952958184722 0.934220323008047 0
0.4189582562294853 0.1622595264190394 0
6.661233565876739 0.9299897052504357 0
3.044942299744918 0.06748763554166287 0
0.7042875156476978 0.3198617602380879 0
9.849742261202955 0.299999999999315 0
9.849742261190961 0.3999999999836243 0
9.849742261188997 0.499999999980936 0
9.849742261192841 0.5999999999857548 0
9.849742261203689 0.6999999999993216 0
9.849742261203897 0.7999999999994958 0
5.637824789993366 0.929942911959643 0
3.277467981278508 0.5800315005516152 0
3.969505346678176 0.4180805587484087 0
5.898233341179179 0.3194392495926975 0
8.598021235188027 0.6499999999724024 0
7.103502828400076 0.3190206265115403 0
8.304503466741975 0.6767291355203904 0
3.871639352421371 0.2499999999897377 0
5.776326182177296 0.2531875973882592 0
3.1066481532661 0.6761771662958252 0
0.07320508075681675 0.9267949192430718 0
0.07320508075714427 0.0732050807572756 0
9.926794919242944 0.07320508075698413 0
0.5070592142791613 0.3239845961448648 0
9.92730407354453 0.9273040735444488 0
7.289156721959712 0.3251897867508092 0
7.448868555384633 0.2281767610408665 0
4.315000032653049 0.3260554512051443 0
6.982143091856639 0.2538507138823886 0
6.219513199146546 0.327487140706208 0
6.078327499025979 0.3279720533446448 0
4.173612464255334 0.3289088391888044 0
9.851944661576821 0.2212157286057271 0
0.7041113711233933 0.8688033114806816 0
6.403428353786501 0.8691792911086575 0
8.996669433342735 0.1309762273102423 0
3.30301769403236 0.1316668103464063 0
5.203839356833396 0.130596653560509 0
3.80428023380621 0.1362528595369866 0
5.774989930060991 0.9342153420160844 0
5.895040995763601 0.8687695307263477 0
9.70382495669544 0.8689516456551876 0
1.197790457974113 0.8676709226340797 0
8.500154954733718 0.1321926372122991 0
6.524176192815708 0.9343285423706913 0
8.806147946850137 0.1508948001212073 0
0.8934876842624508 0.8490636660094257 0
5.386544254180437 0.1191258079997443 0
8.777079244766792 0.1066889160804354 0
3.192737686441638 0.05912488949448858 0
6.20751124200342 0.8489514448488641 0
0.9226510921793214 0.8932743783994829 0
3.492116906998668 0.1510812502601423 0
5.429990844525825 0.1465922960886399 0
9.511564285978363 0.8781132296521728 0
9.509361715008321 0.1213362051465445 0
5.692990073270956 0.1493706232555244 0
7.553940534079641 0.1456302638141487 0
0.1905563415596243 0.1202327061977813 0
3.958649229373556 0.7572548598880126 0
6.178088378298451 0.8931766831334348 0
7.290300224467114 0.8804223363887997 0
4.69205267814846 0.1208722795856387 0
3.521638665480863 0.106857684456327 0
2.409435396871122 0.1195506515948213 0
5.007678119259258 0.1205858624810606 0
5.008494396872674 0.8793049092940827 0
9.193300107707064 0.1205720838140204 0
2.093257498197639 0.8798839145599652 0
0.5948101664166952 0.9422264222897475 0
9.201931134210341 0.8516932340676544 0
0.2322010217112815 0.1478713531739689 0
7.603056741586249 0.118687701252575 0
9.467909045472384 0.8519287201629961 0
9.466509879938791 0.1481223283805995 0
7.598373167770193 0.8516635074787369 0
5.672742650997247 0.1050777307027 0
2.101254759811682 0.1483406949920254 0
8.303612886627613 0.1203086311191922 0
6.595204744298269 0.1198939532143 0
7.333403208449605 0.8536873659933947 0
1.443584337173368 0.8494669469980833 0
2.3662642549722 0.146284495230764 0
3.802765562820707 0.8797802811331163 0
9.001880545685745 0.8798797221093078 0
7.798764838071179 0.8803345999182917 0
1.901234408071077 0.1196457727877967 0
1.399002506109813 0.1175095166176024 0
4.50080334448992 0.8803478647657791 0
4.699156543355817 0.8509498614883111 0
3.308897572455181 0.7137325250875091 0
2.598951692272693 0.8777409305617742 0
9.700006064653742 0.119287012092584 0
4.734397930760212 0.1474984233595656 0
1.200885623431712 0.1179520541691617 0
4.964443860989038 0.8523104125427579 0
4.963958812508126 0.1474781236539969 0
4.532488099595753 0.2442834775339569 0
6.399598062671863 0.1200860623743172 0
6.995327197403459 0.9382114221133665 0
0.7040181831340188 0.2265858890316232 0
2.136493205788808 0.8527427101268925 0
2.704556563590979 0.06180159576960684 0
7.801754758543749 0.1185047907636733 0
1.897986862195596 0.8812789424734166 0
5.203100704650772 0.8816898664875004 0
2.603963569847344 0.1189563016810238 0
7.095852030919912 0.8811896199339 0
0.1951040755986884 0.8537433526649424 0
2.397795729556962 0.8500912597848054 0
9.237573982275459 0.147590634601931 0
6.35116526337739 0.1504015987591227 0
5.303786459049993 0.9384447523451116 0
2.795401624556771 0.8509197723494715 0
9.225308040839586 0.8958362108828344 0
1.395244628342625 0.8749954157611374 0
6.638868517292424 0.146892958012989 0
4.305717224928982 0.8507901571313696 0
1.79680167721834 0.9383569860265855 0
7.574698650003381 0.8958382798842102 0
7.903318445406601 0.06167156173179975 0
3.195260024688308 0.1127263832198604 0
6.897861001308912 0.1491263114250152 0
2.125101103450263 0.104148372011851 0
0.706576016666048 0.2763307478771379 0
8.512852024373192 0.7144648208011422 0
1.707066428278146 0.1492465197378001 0
4.016823470976415 0.7574206774741097 0
7.992650108680218 0.8508894916360714 0
3.143423634429082 0.03197964569525168 0
1.441181559952246 0.1451775039465904 0
8.808166831076448 0.8507567889414435 0
3.309554146801194 0.7693374166924927 0
8.258338476138405 0.1464217692841223 0
0.8896625759764537 0.1480678777030072 0
4.725022463932993 0.8944731671238444 0
1.157821142410834 0.1453392463096332 0
1.537280792137074 0.7474099224299563 0
3.402797202021609 0.9393340305797461 0
8.506627602515703 0.7704748657886916 0
3.355910198729641 0.6231578556155863 0
0.6985863772576526 0.1117883317663953 0
3.929956502707353 0.8035729088573174 0
4.053572364307328 0.3731522407657852 0
0.5454820593651621 0.9686909310901672 0
3.756833485147157 0.8536775954292422 0
3.316778032500511 0.5990007453798086 0
1.349054951033009 0.9691410188923677 0
2.373520622536986 0.8940862639572741 0
3.610774759285075 0.8498902598187691 0
8.295017702577253 0.7729740571714699 0
6.94635983751437 0.9679676043821878 0
2.753588547552173 0.03203722972117128 0
0.5993779769644407 0.8885899897377547 0
7.545804887289813 0.2005922111458421 0
2.549897574023387 0.8507615086996998 0
8.95527474426183 0.8541407560208694 0
5.353267600843607 0.9679745131920587 0
4.48030746958753 0.2443668617815378 0
9.750006064653782 0.144167345487681 0
1.09785826539504 0.06091366811195138 0
8.112709772000965 0.1500973727005658 0
0.2228244339640515 0.8982519171475225 0
8.457091949832417 0.6828762840509223 0
7.845732270982909 0.8545339883072091 0
7.847002354148952 0.1457277544958016 0
1.747193888071205 0.9679024045338684 0
8.602188742961902 0.9391357897626823 0
7.952972655649372 0.0321204518440206 0
1.852813802736646 0.8541697288148914 0
1.854273020852843 0.145287317093521 0
7.144531847382508 0.8578175704167037 0
2.555230205046155 0.1423174667344388 0
5.515439037868814 0.8533290665550385 0
5.248508680327104 0.8544240114814434 0
8.197945796109419 0.9391483390451902 0
4.453446606112013 0.8547084138214128 0
3.452797202021609 0.9682015440392272 0
1.514040769591474 0.7915024962579743 0
6.875251023393187 0.1052228261421306 0
5.155244828617711 0.8583259023081984 0
1.501883292287531 0.06095964662344833 0
2.647561398739332 0.8531588271326874 0
2.649703027671688 0.1463271970097097 0
2.821877901645552 0.8950550484617872 0
2.916782369959826 0.1459850326024827 0
2.452598453595228 0.7469219751206231 0
1.94691069751153 0.8576946905967642 0
1.047858265395078 0.03204615465250853 0
8.652188742961901 0.9680033032221634 0
7.050156312274123 0.8539906613012326 0
3.615756313964388 0.1529993129574007 0
4.011495074760114 0.3997480227415654 0
7.752904702786651 0.141153393256549 0
6.78297201709749 0.8533552526105741 0
0.7444155364361373 0.1360091316839762 0
8.147945796109417 0.9680158525046714 0
3.096174472705032 0.7727268004570328 0
1.551883292287385 0.03209213316405131 0
6.083869358287579 0.8470118332905137 0
4.151811834864224 0.9680443433395689 0
2.948273103717215 0.9676628714267625 0
6.751003069216608 0.03228140618880076 0
9.651931016770611 0.1447713361023953 0
0.3174951555698692 0.8548821854483043 0
2.250555349946493 0.9666666666648737 0
4.849914087063556 0.9666666666618632 0
6.449054253304144 0.1431953934086649 0
4.101811834864225 0.9391768298800878 0
1.01714741811773 0.8470422003061678 0
4.278825034960142 0.8949580709735756 0
8.682476567853042 0.1529382281486167 0
1.300311365636713 0.05520445741109389 0
6.498780902591131 0.05587293444773909 0
7.701060995539097 0.05538977894922995 0
1.998000095922723 0.9442150540892392 0
5.103477433499143 0.9440433554351104 0
2.503737062942222 0.05589314368540911 0
7.196150837614042 0.9441218548500829 0
0.8354222426472875 0.1505140713365991 0
4.549651202335361 0.8547906004254762 0
1.250945330356922 0.1412656135513509 0
6.997066950869431 0.883418299005744 0
1.594891073754447 0.8497459114511221 0
0.4967930105114612 0.226957613831216 0
2.998273103717216 0.9387953579672814 0
1.950567547362168 0.1449743146424398 0
1.349062213035238 0.1408230759998375 0
5.748272757013912 0.1570144309911363 0
8.296518858157883 0.72295212926386 0
7.749260895970271 0.8552855421167704 0
2.702809361540269 0.1167903083340558 0
0.3777180984832021 0.8545444022057757 0
6.699465425935455 0.06274392259109116 0
9.051275755570352 0.8552374629378408 0
1.679589782852623 0.1050762452762513 0
5.521581809819493 0.1542571213830637 0
2.220554619057964 0.1490030565175693 0
8.520184319891113 0.6014702260447358 0
1.399054951033012 0.9402735054328885 0
1.298201641483403 0.9430354918244834 0
6.546073878298811 0.1425494325575117 0
7.479105585194008 0.8509904542154639 0
8.020247762529369 0.8951478644340893 0
9.320871243960891 0.8509770056144512 0
7.65376492197536 0.1412469486138923 0
8.561453683571166 0.6238366718453886 0
2.043926988047881 0.8572800858540337 0
5.058764992704572 0.8569630828618298 0
8.780305607514631 0.8950128681432228 0
6.724275214585461 0.853244165949692 0
2.459021733276212 0.1428336977337555 0
7.24066061278105 0.8571457970935908 0
5.993734854243539 0.2856622844189607 0
5.301577993858494 0.883574468524676 0
2.975678547684169 0.1458971497104065 0
0.1384568669995015 0.1397303458095908 0
0.9186845191968307 0.1035087170535038 0
0.3227700026972947 0.155625526026135 0
2.452339697748775 0.8447153088921363 0
3.851961700989794 0.8565989913402527 0
5.332667515886254 0.1402034474224442 0
5.574020423484159 0.8531890847658652 0
5.575811281650715 0.1492304533612114 0
9.375560728983556 0.8454640521142525 0
9.376242220372969 0.1582351649388678 0
8.868102420657987 0.1482754973809421 0
3.357185732443843 0.684502675885583 0
0.8315946814283706 0.8516913146929637 0
2.198417484559321 0.9361408249868696 0
3.253544315674049 0.8536161210940884 0
6.269262763937213 0.8515883440387717 0
3.430398859585493 0.1484430051288329 0
3.672106387764527 0.1504046702483198 0
6.027555196662453 0.8495832412727071 0
7.425112880823875 0.8459643153799266 0
1.073364724271058 0.8495459745315295 0
8.62629200405793 0.1504561837833536 0
2.27454852884807 0.1540190580435298 0
6.952114250830626 0.1578924560105892 0
1.452298440202433 0.7933910524557835 0
1.799577118854384 0.8835748475885392 0
0.1369969056813013 0.8523909042291314 0
3.586215760973149 0.1087512247149244 0
2.478587291814062 0.7910750398010002 0
4.824835194724171 0.1558096213514852 0
4.902306473404984 0.936114768067867 0
7.900510829047787 0.1164679514536798 0
8.464615302415607 0.6303725009806158 0
6.113505751100562 0.891265185901706 0
4.873558697643896 0.1556865289097087 0
3.098390523793734 0.7225208828079295 0
8.358486994799804 0.1428788484920585 0
4.562932163998289 0.198862496329931 0
0.987251818350555 0.891312645400594 0
3.581805742029256 0.8951929119687373 0
9.823657406423468 0.8515217107721975 0
8.712470438702395 0.1086673011515708 0
9.873509223541488 0.8534337642438971 0
9.32804552196219 0.1579929423039483 0
0.7490990171067411 0.1942885908347043 0
1.300371072561997 0.107385530252726 0
6.498112393310672 0.1089909301932412 0
7.702556729539379 0.1075894913298849 0
1.996531720385793 0.8910853837053037 0
5.10614041567247 0.8911496304088612 0
2.505971714179547 0.1090186747872598 0
7.193798013965727 0.8909936230640654 0
0.4991460819380012 0.2772174522939308 0
0.6340289917605748 0.3990952958257704 0
1.542198019002571 0.8442295543209056 0
7.196929851907791 0.2846817548940231 0
9.852062369992476 0.1330484737267929 0
5.486423462478091 0.1172869320274558 0
8.16615647322732 0.1542498970199544 0
6.03651068725417 0.3095256116967802 0
3.253037984863443 0.7961734244049314 0
3.303110317836417 0.8827342033219525 0
6.301037469937512 0.2828732397823778 0
3.869113754535662 0.3996962910159315 0
8.082979107933834 0.1051029904289617 0
9.147582704123195 0.847672549535454 0
9.13833888924502 0.1425063204700764 0
3.664148694405445 0.8456891307311533 0
0.4058383200889704 0.8010434550872738 0
7.653058171814374 0.8477397484525631 0
2.046529227970329 0.1525435817464364 0
1.620352139586914 0.8943787706617923 0
5.062501763183488 0.1424675686651876 0
4.64514130376838 0.8472130169741501 0
4.643122517576684 0.1442462520218413 0
8.86179742611186 0.8469472204865698 0
7.938984147510769 0.8468935929384309 0
3.847559204932004 0.127066680003331 0
1.760779485963782 0.1529427539300694 0
3.199556810937766 0.7108882662804158 0
9.566599895372388 0.8560007619053183 0
9.558449845430362 0.145374579116284 0
4.359479705476668 0.8470761686892314 0
2.741617940297492 0.8466946297468102 0
6.262081848707503 0.308054237767395 0
8.399812160129652 0.7117037921171635 0
0.4635349687749824 0.7996829389636719 0
4.801292401118538 0.9435233056261476 0
3.832567396759944 0.1715026040210626 0
5.484218416980037 0.8973478452143927 0
3.839505435832515 0.3485274564520008 0
0.371085859895057 0.1542231001277675 0
4.105038780500944 0.3922463918139377 0
7.388503086698387 0.3067756687635174 0
0.2876251582547716 0.119602465390304 0
3.003442831067574 0.199349218425916 0
3.060757883789837 0.2004965195353007 0
9.411938711842055 0.8823172143202271 0
9.411581031661084 0.1195835544457012 0
3.399641037471123 0.8851998288147375 0
2.299012456471519 0.943458821768565 0
4.397026981514475 0.2815955555612134 0
1.103541172314715 0.1159852884835025 0
2.885493584016457 0.1024279562758596 0
7.389119418261984 0.8829921581416567 0
6.814586125049416 0.8972800961864176 0
9.852908334417936 0.1791570724670472 0
0.5746856072395592 0.3994356383338533 0
2.310616111304758 0.1169819934544825 0
3.093818547142537 0.1492884969640267 0
3.252198877806578 0.6811689135634791 0
0.804539068868902 0.2042019192396592 0
0.4911309949124039 0.7496281772549604 0
0.4979056835325678 0.8515013629471779 0
4.35756274238943 0.3068639883864824 0
0.6671290575654358 0.3558016176598167 0
0.2860880363302705 0.8988152796205409 0
4.789159155386963 0.1191722928143123 0
0.4908705681390879 0.6500070547371433 0
0.4620935153504076 0.7001839521891672 0
1.49562632382737 0.1161476631324506 0
7.417378719788141 0.2642247349949854 0
8.59802602966495 0.8848760008031999 0
4.909335507239196 0.1190049583318417 0
0.5486085523076177 0.649970885884711 0
6.433580389940248 0.8375756369504557 0
0.1428090700195551 0.7499883006601551 0
0.2007013867367728 0.7502607345807504 0
0.1150317177910509 0.6996803012606054 0
0.2018537712997502 0.6499989300111669 0
0.1440564385144414 0.6499527533454788 0
0.1154689809056991 0.5000002361373644 0
0.2307213672935774 0.6999989118468891 0
0.1443369895648586 0.550000127151538 0
0.2886746749284294 0.5000004752282201 0
0.2309393364054093 0.6000009802131552 0
0.3175406821399774 0.5500030511001248 0
0.2309392490985949 0.5000005630225638 0
0.1443335231679783 0.4500008900522878 0
0.02886693572671943 0.4500001271518708 0
0.05773444918622062 0.500000127151772 0
0.1154073400791561 0.5999543495119105 0
0.1154665049080565 0.4000007810664326 0
0.05762806381504715 0.3000235409416157 0
4.49963888883565 0.05688656273015441 0
0.1153452635501017 0.3000274644316087 0
9.467611078886588 0.6987108907981679 0
9.971132486540473 0.5499999999988631 0
9.409907819448794 0.6989549179416017 0
5.899115333562698 0.05821814022275552 0
4.500618285665418 0.1190124151703196 0
5.899115333562763 0.1157163640829197 0
4.44991695519372 0.1479384769327506 0
7.400277187718026 0.1126581611215007 0
9.943073440087737 0.6999933475513208 0
9.942264973081075 0.4999999999988257 0
5.793807334975879 0.1194074711412378 0
9.640394757104101 0.2999933783741906 0
7.399999429105799 0.05768807102323831 0
4.449820822162621 0.02865479847880985 0
0.2020716531058031 0.5500005811870944 0
6.24986850241315 0.1445691078850245 0
0.05698628519077233 0.2001647865839493 0
9.381756812572016 0.6499545496867927 0
6.251419650556095 0.2006057185383237 0
0.05773444918627599 0.400000127151608 0
6.199979216675432 0.1152616509159051 0
7.149856135656656 0.1443802807769889 0
4.797536481093825 0.06370095934415754 0
6.199979216675441 0.05786827668037315 0
0.2886729396097492 0.6000035379205292 0
5.849115333562787 0.1446237301822875 0
7.099136813962024 0.05838772753442115 0
0.02886751345955656 0.3500000000013944 0
7.099136813961977 0.1161227544534199 0
0.02822573483528173 0.1501412456433119 0
9.295295001105568 0.5999635063816173 0
9.669674322273913 0.2450578111468174 0
0.1470166675276894 0.2450996102026871 0
4.399810952314559 0.05745897216750163 0
3.261961000668756 0.2531933162523717 0
9.757219549299677 0.3999999999700625 0
8.400285656092958 0.05370770311071037 0
1.760918321023328 0.2499999999963076 0
5.003089713950134 0.05844107593944627 0
1.530477430450459 0.250864669411924 0
9.298487689890528 0.06367961454043863 0
4.349990130143429 0.02880417368869179 0
9.601207120775257 0.05788317146456907 0
2.279893952970896 0.2502157821834913 0
9.324003892321263 0.6499245449634649 0
9.946410053234503 0.7998400112880645 0
9.728352035839935 0.4499999999709985 0
4.147512798310462 0.199862516610546 0
5.101349078829357 0.0533145746523981 0
9.09871320183192 0.0533371549975864 0
9.799774873350545 0.05629638266292054 0
0.2020691278199297 0.4500007629019308 0
3.493620678832293 0.251272044092072 0
3.232752702625705 0.300558210813184 0
8.428821705460189 0.2997094550915123 0
2.628741861700177 0.2449029198830393 0
9.493755854464695 0.7528193165016819 0
9.641749495452739 0.4999999999882181 0
4.149644685465271 0.1437762786279082 0
1.501110699680972 0.2999999999604095 0
0.8937952976723446 0.2506544595413918 0
9.670617008915951 0.4499999999807057 0
9.971132486540444 0.6499999999990784 0
9.974469099687209 0.8498466637360853 0
1.876388374863234 0.3499999999961097 0
0.0287605503554906 0.2500235409414696 0
9.942264973080919 0.5999999999989911 0
5.949999999993866 0.02882766081973583 0
2.800748100775434 0.2508566697500334 0
3.522696141233237 0.301266417762155 0
0.9236925315106912 0.3005319504646284 0
1.789785834481793 0.2999999999959244 0
0.1175252026279166 0.1952369323551739 0
4.099999999991049 0.1154700538379184 0
2.656485898589454 0.2999954681508247 0
9.582731013785843 0.3001580459202022 0
9.237596107072568 0.5999532098172164 0
0.2054133361047681 0.246043728692187 0
2.309403029654324 0.3000033825134141 0
7.349999429105715 0.02882055756372697 0
8.199083379965487 0.06127245777076083 0
9.403225745954675 0.06378177320660235 0
3.261838208639436 0.3496695034306069 0
4.149999999991113 0.0288675134594968 0
7.500787553607457 0.05850797847884901 0
0.1443167689163916 0.3500045774062119 0
2.829492023034813 0.2012090010110583 0
4.099999999991068 0.05773502691896618 0
2.396003896120359 0.3500004832116861 0
8.458543977314555 0.252421828691579 0
1.010361756154 0.3499997892590629 0
6.994820883794109 0.061651230611501 0
2.886923507408372 0.1995952099375479 0
4.299990130143339 0.05767168714820907 0
6.099999999994079 0.05773502691902073 0
2.829146846841031 0.3000145174742002 0
4.90734901783608 0.6998168461624124 0
9.670246236212003 0.3500179060310087 0
4.599095488346208 0.05707695394757245 0
6.299854516762933 0.05900942793202056 0
0.1530608539689218 0.9698100917521448 0
9.69997261725017 0.05753391866079112 0
4.696848802734864 0.0588745278209263 0
4.199999999991174 0.05773502691901407 0
4.902322663359718 0.06365671730346345 0
5.79380733497576 0.06167244422213419 0
5.495935618051996 0.06216904482211192 0
7.199876687705214 0.05782826986407372 0
9.971940953547293 0.7499933475514524 0
0.9814131750694257 0.3001407146956663 0
0.2286457620094725 0.8005999275799895 0
3.60851372308037 0.3502278887046374 0
2.135243540785966 0.2000105643650578 0
1.847520861404274 0.2999999999963852 0
4.050172648975895 0.1442378883594326 0
5.051418545178997 0.6509604254942395 0
9.504016559720711 0.05912801324638141 0
8.168269105204597 0.647900783778766 0
8.516618750381387 0.2525694920907213 0
8.97765201856576 0.2531911114583525 0
1.847520861401583 0.399999999995699 0
9.197289428941088 0.05855120439144257 0
0.2309336700821306 0.4000014168167859 0
8.349999999997475 0.02886751345952528 0
9.649999999999469 0.02886751345952528 0
0.2020483294385144 0.3500053403069222 0
5.050732150623013 0.02845597985544196 0
5.744692001406777 0.03228196481911449 0
6.349875300081789 0.03000866471115449 0
6.648462356713832 0.03046251640229041 0
6.945560757537082 0.03222425948164169 0
6.049999999994008 0.02886751345951365 0
8.300846067590562 0.0582925606868224 0
5.446621262665236 0.02994202683236605 0
5.150616928198898 0.02485859479695614 0
7.249999999995809 0.02886751345951188 0
7.550787553607524 0.02964046501933766 0
7.850345789754038 0.02955110988777915 0
8.148237312372247 0.0318474105434637 0
9.248071382880472 0.0300101965751739 0
9.849802256099995 0.0276299774616547 0
6.996315970927849 0.1206527604810223 0
4.249999999991248 0.02886751345951728 0
4.549818066664671 0.02823176425134457 0
4.849965100032446 0.03367162121945913 0
8.748945726435846 0.0226381484684123 0
9.049495155771151 0.02479614718131774 0
9.350416307008992 0.03366941796526473 0
8.450285656093049 0.02484018965118508 0
9.551207120775178 0.02901565800504378 0
4.19964468546535 0.1149087651684733 0
8.804850997989401 0.7500073485767984 0
4.747571381053479 0.03002933812469841 0
4.049999999991037 0.02886751345946939 0
5.849115333562601 0.02939047940301969 0
5.080549185318403 0.7018472711595269 0
2.36713638266079 0.3000004832118664 0
6.099999999994074 0.1151772086807658 0
7.199856135656766 0.115512767317502 0
8.371030951811749 0.2998994541194278 0
5.079659279439767 0.3005004357206585 0
1.443375672152384 0.2999999998532842 0
3.950165399746294 0.02817401975449031 0
6.299743802500569 0.117184398360647 0
9.497362013105445 0.4500304293007039 0
3.300506330810574 0.9419726428512514 0
9.064399136130675 0.4000001715606574 0
9.208746480197878 0.5499832273837253 0
8.544463861850957 0.2046681460075856 0
3.580437810200695 0.301290310481883 0
6.812694863942165 0.700065723320783 0
5.999999999993952 0.05769517427924949 0
9.757219549300398 0.5999999999699599 0
1.327905606340768 0.399999997746514 0
1.501110699196788 0.3999999998750097 0
2.54034118443232 0.3999999999942231 0
9.151011374024655 0.549983378247763 0
8.200932932903628 0.6970980949248107 0
1.356773121584019 0.4499999980601433 0
2.107398786861873 0.2501217706530001 0
6.249979216675522 0.02900076322086607 0
1.414508156405069 0.3499999994506954 0
4.952357563319524 0.02998509608400431 0
4.993683517421287 0.6509604268956914 0
6.783597434448264 0.750459992220899 0
8.197414662079842 0.5983386854128019 0
3.579532432239072 0.4003386637978686 0
6.149999999994145 0.02886751345950708 0
6.089078902464673 0.7486817446005298 0
3.899949255383116 0.05357832354948425 0
0.3496577896684737 0.970373454225163 0
1.760918320999668 0.4499999999917044 0
9.757219549300494 0.499999999969145 0
7.299999429105625 0.05768807102323885 0
1.529978213047562 0.349999999943896 0
8.457919209062334 0.3496670155130136 0
8.86236025972938 0.6500294499916756 0
5.851468429943594 0.1996646075784831 0
1.414508154825831 0.4499999991725952 0
3.521678673402771 0.4004031684644583 0
2.367136382661083 0.4000004832116908 0
4.098926783544525 0.6002879593911012 0
2.02114776809196 0.3007306239386431 0
6.697267527926948 0.4000007322426245 0
2.627200601509049 0.3492718456924254 0
2.050015281551266 0.2507306239386542 0
7.149876687705152 0.02896075640456183 0
4.649277421673331 0.02884518969622789 0
8.399999999999988 0.8845299461621199 0
2.495457002497932 0.8815997289502404 0
0.3752671312373175 0.5500180311041214 0
7.049260126252467 0.02942697112985932 0
2.797007412111351 0.1499004538461482 0
9.749972617250245 0.02866640520126584 0
6.812749272033011 0.7999099893711723 0
7.996381469742662 0.6497819758694964 0
0.981493165188415 0.3999996002793143 0
1.443375670082883 0.3999999994889345 0
3.492100511176927 0.450794602631202 0
2.494511120747233 0.937446664271795 0
6.95707047333935 0.6500004710431351 0
6.351863020121667 0.795408446719954 0
8.804611893863113 0.6500448985081988 0
2.569208697891927 0.4499999999940459 0
3.232875735828533 0.3995050290089205 0
1.010361019770216 0.4499996582183248 0
7.449999999996135 0.02886751345951135 0
1.876388374861434 0.44999999999558 0
9.554797551073708 0.3502130026061954 0
5.138778462506473 0.7007172084471216 0
2.800167452397759 0.3500020739192707 0
9.149218046059401 0.02854100781626866 0
9.122143834718429 0.5999834274485363 0
3.800601700454314 0.9417424060814958 0
2.915637506235503 0.3500020739188777 0
2.886881873759902 0.3000145174740041 0
9.035737591134444 0.2537955571400522 0
3.250506330810575 0.9708401563107324 0
1.675158580013996 0.200812823571 0
1.154700436505123 0.399999982076724 0
5.945905563519582 0.795423704863115 0
5.549314355379924 0.03222701798974586 0
3.667389391829194 0.2502372934716963 0
6.524062729283811 0.400002206306298 0
3.899999999999998 0.942960994579741 0
3.666142158622812 0.3500312049825188 0
8.256058812473416 0.3999812900749711 0
2.280533888780481 0.4500005637480398 0
1.358998111694702 0.2444553071995531 0
5.137484730036286 0.3003438173892715 0
6.552930098163786 0.4500019558868483 0
2.800259276836601 0.649808658143241 0
2.049653716468737 0.3501043748448235 0
9.55509704015218 0.4500304290572433 0
4.041180764541989 0.6005750717538214 0
1.149999999999076 0.02886751345944285 0
0.2886710904656101 0.4000008900517509 0
4.000939120921222 0.2297726529077106 0
4.964816004956135 0.7009604252350332 0
7.909757997032888 0.3001795254187998 0
8.804427922861096 0.3502384031524755 0
7.649891302906161 0.7500004092607645 0
3.099999999999992 0.8845299461620832 0
1.356773125904766 0.3499999988207267 0
3.695030978299147 0.3000104609809998 0
9.728352035839951 0.6499999999722386 0
6.377240293228517 0.3472984512899578 0
3.697578290378403 0.2022247536604959 0
1.330510937230373 0.1966363801525466 0
3.146407589756809 0.4497337605242813 0
6.347578538900525 0.3971999000929681 0
6.379395190828171 0.7473484958044311 0
1.588212457369375 0.2508646694117883 0
1.617922770213344 0.2016774929888763 0
9.584014468509004 0.5000000000355805 0
1.616580753688558 0.2999999999899947 0
1.789785834469717 0.3999999999935874 0
1.587989973438886 0.1504362928204963 0
5.831237718811854 0.59999999998207 0
5.167413165371336 0.6497778538392011 0
5.047773598121473 0.2459577471024383 0
9.728188041565009 0.3499959120279318 0
1.270170565803219 0.3999999953507414 0
2.309401681225171 0.4000010469649212 0
3.404964750643419 0.2021298669722141 0
9.670617008916487 0.5499999999803159 0
6.985937986217133 0.7000004700352087 0
5.514061496907477 0.7503861967460376 0
1.933967412164631 0.2458703282935171 0
1.587713240136232 0.349999999973617 0
9.410782949809526 0.5999935081842228 0
7.678759155051768 0.7000009962660299 0
6.033315240806915 0.6500085351440809 0
1.327905614733218 0.2999999992234719 0
2.973537758002723 0.2490847700567712 0
6.119947347856218 0.6000597461202191 0
2.713964048809754 0.3007236224522278 0
2.7433189764937 0.2515678486536909 0
2.451011626408738 0.2447661735120563 0
4.049626530590333 0.20162438736885 0
2.136266300321462 0.3001217706528149 0
5.311706426170035 0.599854594960886 0
3.348529444312464 0.2998231281874943 0
2.478289234113107 0.1978917046156439 0
1.270170585163218 0.2999999987572036 0
9.050000000000002 0.9711324865405098 0
4.127916702506288 0.6500130866604898 0
2.482606157513101 0.2999999999946004 0
3.149739343648646 0.7991553989763542 0
3.752046809792025 0.2051669736117396 0
2.742413778648216 0.349999999993641 0
2.829047515232774 0.5999459665802407 0
2.973353886323701 0.349999999992856 0
1.096965018967075 0.3999999139200066 0
1.963352480325874 0.3006262490898657 0
1.529978212700844 0.4499999998826859 0
3.319520499355358 0.3495781616474505 0
6.09105491206275 0.6500165793712984 0
2.107388743387631 0.3501043748446493 0
2.453738644053829 0.3499999999946025 0
2.020725942162157 0.399999999995858 0
9.350066742330922 0.9678302532459401 0
7.938652806782423 0.6498501196166161 0
3.00222139978296 0.2998543349284267 0
8.169369287610404 0.5497626719158021 0
6.697267490343966 0.3000006671476034 0
9.555146955023194 0.5500000000861773 0
3.099999999999993 0.9422649730810383 0
1.416733138613565 0.2444553071993967 0
9.468544414384116 0.500000000582331 0
7.505127947474272 0.4010004019844465 0
2.713546265188945 0.3999999999936502 0
2.192337283466421 0.2002234472516581 0
6.177679789700697 0.6000552686396814 0
5.166443729461733 0.2527490203431101 0
6.726130700976265 0.5500001124248246 0
7.476644706818531 0.4508323741864843 0
7.592163744657924 0.5500133538363563 0
7.562936709243261 0.4002242793885832 0
9.035560681892855 0.3505430639974945 0
7.592156555688253 0.7500008940341312 0
5.225232142106687 0.6496324485026187 0
7.475669917896564 0.3532157997263173 0
1.703183294104413 0.2499999999964804 0
8.284926325859612 0.4499812899475102 0
4.249585466377731 0.1433962400029369 0
3.150433997837623 0.8554118639342191 0
1.616580753574934 0.3999999999697831 0
6.149999999994133 0.1437030694567841 0
9.381915435531059 0.5499935097429618 0
5.951821941366615 0.3995013334756512 0
1.443375670099097 0.4999999994915816 0
3.49291829527661 0.3502685006514991 0
2.280535841677982 0.3500039462664642 0
1.500932678970586 0.8825286867309865 0
6.78382736319902 0.6500657453465348 0
5.773502691892891 0.599999999982278 0
4.358994532378921 0.7499999999874689 0
2.049593455621713 0.4499999999956829 0
5.080617666102468 0.4000503816205738 0
5.427092530375706 0.3999999999880069 0
5.051659729114226 0.3502069997029729 0
0.2314734926493033 0.3009723458218188 0
8.897581055105984 0.9388722821217588 0
7.591799307414369 0.3502157602938416 0
2.222168969526503 0.2502331779918406 0
7.159766529115271 0.8020786266589475 0
3.19973934364862 0.7702878855168849 0
3.175052468347046 0.3005941959232508 0
3.953146732387046 0.3158925144490715 0
3.088587837643837 0.250207793655221 0
1.068097458820796 0.3499999060538453 0
3.348262407875743 0.3993606075108208 0
3.002221399783303 0.3999999999926687 0
3.320055451639593 0.2525495754098385 0
2.599182851627493 0.9408140575298465 0
0.3175405111801034 0.6500035978652365 0
1.934123401783219 0.3499999999961284 0
2.39600361713528 0.4499999999946207 0
9.468494499530495 0.400030429520239 0
2.742413778648552 0.4499999999934715 0
2.48260615751343 0.3999999999944203 0
2.136195996000093 0.3999999999955328 0
3.435102304340067 0.2501621164859152 0
8.025174778824478 0.599910494744425 0
6.552952007363349 0.3500044283358836 0
7.765361593328362 0.350000819306677 0
4.47118131266499 0.3454526347533545 0
5.225068881302773 0.2524260114505621 0
1.06809717088208 0.4499998550642346 0
3.26093688344978 0.4481083624071625 0
8.082835191147668 0.3001468414516216 0
2.569465574590171 0.3492718456926177 0
4.441750156350264 0.3968686670914881 0
4.705489608357171 0.6498527756024568 0
2.829034965857359 0.4000020739190858 0
2.886769992776232 0.4000020739188888 0
8.977124940121335 0.7547620335787985 0
2.626943724810808 0.4499999999938529 0
6.726530008174766 0.2509006696188655 0
2.703398284833624 0.939394315396102 0
3.999999999999997 0.9429609945797408 0
1.78978583447 0.499999999993436 0
3.69838012194416 0.9387946747372562 0
2.549182851627489 0.9696815709893267 0
7.050755213386161 0.1461635279183794 0
3.610424659273185 0.2513204592504609 0
1.703183294043152 0.4499999999852522 0
2.309401076757119 0.4999999999948271 0
1.934123401782591 0.4499999999958026 0
1.962990915242532 0.4999999999957006 0
8.950375118371692 0.20456273251235 0
7.736835300947948 0.1969133380932717 0
2.915618859405172 0.4499999999928826 0
1.241303031622412 0.449999991703909 0
3.174518216597193 0.4984268406958076 0
6.697263197234605 0.6000001292563911 0
3.146537341748295 0.3499342200560183 0
3.949999999999997 0.9718285080392219 0
1.501110698860205 0.4999999998155971 0
4.708429167342584 0.2453316561321069 0
2.655811238270404 0.4999999999936858 0
3.52100814965192 0.5008066306352505 0
3.750601700454315 0.9706099195409768 0
1.503538019106833 0.9389161366016726 0
7.249976022605905 0.1440053024572447 0
0.3744601562089878 0.3518843682464144 0
7.695554262815143 0.9394554729287856 0
5.340573939636471 0.6498545949494716 0
2.75339828483362 0.9682618288555822 0
3.349999999999996 0.9711324865405189 0
3.149999999999993 0.9711324865405194 0
7.306241077433972 0.7552248519786833 0
3.434323442735964 0.4504015529251503 0
6.049999999994047 0.1438056063016018 0
9.410809386638991 0.5000000021552109 0
8.774834069992659 0.3012886998910603 0
3.647778421489843 0.9681847551962794 0
5.919150957685486 0.4509335297178274 0
8.862310682937412 0.3500303597970693 0
9.497269302448288 0.3501910088709519 0
8.284843614356951 0.3501245499774617 0
7.563295724656379 0.6000124759059882 0
8.893007714363488 0.2020934515659504 0
4.129137380252063 0.7494187770715606 0
8.687242251052645 0.2512994371059626 0
0.3175419740332436 0.4500001483425523 0
3.838805954421506 0.4509011732904852 0
7.75 0.9711324865405133 0
3.049999999999997 0.9711324865405189 0
2.445328269119742 0.9677650932824682 0
2.147862134612826 0.9694741583219959 0
8.775649864630758 0.6001532255937064 0
4.049999999999995 0.9711324865405189 0
1.849607789147133 0.9704545814927169 0
1.55353801910683 0.967783650061152 0
4.474448327587767 0.6500271619613094 0
4.877687900655749 0.748759490256194 0
1.182314539208507 0.7472796197982384 0
3.17527510321605 0.399733760524265 0
1.096965014843524 0.49999991263538 0
3.849999999999997 0.9711324865405191 0
1.183567940491826 0.4499999804085129 0
0.3175005601238777 0.3504084315626582 0
1.587713239990319 0.4499999999477384 0
8.948955180237117 0.3005487009145955 0
1.674315780622945 0.2999999999925632 0
7.161283709552742 0.3995062141523638 0
3.200506330810571 0.9419726428512518 0
5.051792692607487 0.4500295745459362 0
5.398225016914994 0.4499999999904645 0
7.736493962599333 0.700000616055022 0
4.301248946485744 0.7499922147849793 0
4.099604313436786 0.70024408063429 0
7.249023107538934 0.200116490551235 0
9.46789543998544 0.3011240571945238 0
1.241303055797217 0.3499999959586858 0
2.650000000000001 0.9711324865405198 0
3.347676496778132 0.2045581536526002 0
3.997787225074837 0.8824386070259164 0
5.860275508354142 0.7463700630749736 0
6.78386569030517 0.5500000473167291 0
7.73649449458711 0.4000015380891133 0
8.250846067590501 0.02942504722729712 0
3.608279294401801 0.4501556689915561 0
9.151069721814418 0.6498823086667844 0
2.393276599489897 0.2447661735122387 0
4.042479841751002 0.7013706453603966 0
2.53987475524707 0.1980329828302104 0
6.726135011100337 0.350000679785784 0
9.497411927945041 0.5500000003894671 0
7.418958337335484 0.6500130512482271 0
1.875870820163017 0.2452440792000553 0
0.9237555953142845 0.3999991639357537 0
2.655811238270078 0.3999999999938377 0
2.915914612067863 0.249242878676327 0
0.9814930100889715 0.4999995695093702 0
9.000330867103104 0.9417844019516364 0
4.734294749862226 0.5999608379332051 0
9.064748957805103 0.6993942586338784 0
4.734271618259217 0.3000009841330813 0
8.719857317968259 0.7984344568847118 0
9.236197922723104 0.8000135133045561 0
1.8475208613999 0.4999999999952 0
2.193942740305636 0.3000202951050551 0
3.05995642670181 0.2998300574174918 0
1.962990915242726 0.3999999999959403 0
2.107328482540755 0.4499999999955318 0
6.524213991370045 0.3000217847034055 0
9.728348475427261 0.7475889116813083 0
3.145948852370217 0.2509719321611796 0
5.254001714343721 0.5998020876770386 0
4.387832322542447 0.6000496562898467 0
7.823096368327016 0.3500003826824583 0
3.695009306475335 0.4000315609420156 0
3.40628804314765 0.2998639559439572 0
8.255529870113175 0.3010028223010915 0
0.5499999999995094 0.02886751345945447 0
2.020725942162222 0.4999999999956631 0
2.453738644054157 0.4499999999944337 0
6.00198002440162 0.7977606645463725 0
4.8208744629404 0.3500004757591291 0
5.657690683120607 0.3999683562291315 0
9.584014468502037 0.6000000000495367 0
3.318641264781068 0.4480552826922191 0
2.570589051160154 0.244179297424835 0
4.299930911055645 0.1150266754421695 0
1.327905605208007 0.4999999975468336 0
6.350854797288104 0.7000031803809931 0
2.800148805567423 0.4499999999932773 0
9.641542717022686 0.4000219939828467 0
8.340429820735256 0.2453254195540445 0
7.47668977320423 0.6500065638905511 0
8.169506310765598 0.4500000029831913 0
1.154700366915221 0.4999999698229408 0
4.35897055682328 0.5500400540053672 0
3.231446877677682 0.4970301740940332 0
2.713546265189281 0.4999999999934919 0
9.38194187263308 0.4500000031951017 0
0.8948845512765569 0.4499985347134938 0
6.004447727347253 0.6000085351441832 0
2.367136103676006 0.4999999999946383 0
4.79200679782689 0.400000729115653 0
6.379729033170205 0.5500148239593361 0
6.985937987007505 0.6000004714047737 0
7.13049094293538 0.4510176170117084 0
5.68450646697805 0.3497784937076514 0
4.445589471967737 0.7000126980105161 0
4.186422633512878 0.7492451742823626 0
6.032107562514087 0.7497657504959963 0
7.939085628422565 0.7491003616544933 0
7.563290179406126 0.7000028649711375 0
9.410253123598963 0.300963477861062 0
2.973353886324044 0.4499999999926843 0
1.249146690450394 0.9738944729321157 0
5.860105232271508 0.6499999999819657 0
1.068097465833266 0.5499999063094936 0
9.208736769699442 0.4500000454101745 0
1.450000000000002 0.9711324865405206 0
5.341425428833501 0.7483797723989356 0
9.452809438944771 0.03011235524133762 0
4.473798206822813 0.4496800568640077 0
5.51369507075631 0.349999999983792 0
9.035209755769595 0.7541561833624002 0
9.151001733385435 0.3500000632935566 0
4.734270855748285 0.4000022579989715 0
7.350273762376486 0.1412439392062938 0
8.370855633030093 0.4987472592118916 0
4.79200698088685 0.3000004232915794 0
4.185610188070529 0.6498881123844535 0
9.237604286155461 0.4000000397056663 0
0.6493281070515332 0.9735354911995802 0
6.264254627585309 0.6500072865122768 0
5.343585892941968 0.2448657153791559 0
3.088802314829439 0.3499342200562179 0
1.760918321008886 0.3499999999935373 0
5.484827557296715 0.3999999999843838 0
6.009143473819833 0.4001218067040074 0
6.263464973117227 0.4520733094801105 0
6.610664642992448 0.4500011208817492 0
6.81273319416729 0.5000000306938097 0
8.198373823784406 0.500000002218983 0
8.169506309929142 0.3500000015341078 0
8.51572757835498 0.3496728291062144 0
9.237604295142468 0.500000022599236 0
9.324180407077852 0.5499935126636841 0
9.381941873334572 0.3500000018590079 0
7.418634896341937 0.3549455925828618 0
7.505555457369551 0.7000033933883524 0
5.312210124011552 0.698982164708859 0
6.783541257203924 0.2509006705597195 0
7.646036450727301 0.2445646578556075 0
5.313211249499263 0.195885381637431 0
7.248505920556849 0.7552250770870638 0
7.507231921796206 0.7997948039445074 0
6.902793192621812 0.8500996528161073 0
8.0824257624041 0.2017091568847165 0
0.8371372439579261 0.4499964489053293 0
4.549999999999995 0.971132486540518 0
7.560775564473442 0.3014828773653481 0
0.549320989491958 0.1447295941965855 0
6.289022012149005 0.3992107652705332 0
5.252429264784095 0.2034456777001741 0
6.04807295531693 0.199905216338878 0
2.540598061130553 0.2992718456928127 0
4.000165399746219 0.0570415332139597 0
7.849999999999996 0.971132486540518 0
8.197877554650528 0.3008595621917026 0
5.949999999993976 0.1438217957602432 0
5.398656757919456 0.7492522026371606 0
4.3967941042147 0.9393822863044063 0
0.950997049888838 0.977359233449823 0
5.999999999993996 0.1151910853595926 0
0.6639592135011032 0.4508948654913104 0
7.564292855630041 0.8000076725223405 0
5.398225016916173 0.5499999999890985 0
7.736494556425459 0.5000016452656848 0
8.689536796672989 0.8497674623741102 0
9.505527210017108 0.9406714705634635 0
6.78386568547099 0.4500000389442889 0
6.350860957036105 0.6000138493781089 0
5.946707772649433 0.4999999999816495 0
8.544498059095647 0.399504763506829 0
8.891178567306804 0.4000296537545126 0
5.395446514850113 0.8500743417222314 0
5.227102388288984 0.7544486534039325 0
9.208804801702746 0.74988220783774 0
6.610660863081515 0.5500004864497723 0
7.054074914198097 0.2014645567742326 0
7.799999999999999 0.9422649730810313 0
5.658541789397553 0.7988341454256989 0
6.812733192297797 0.6000000274551505 0
8.891188890961121 0.3000100022394887 0
6.379723496350707 0.65000523390604 0
4.35798755907372 0.4516822687386344 0
9.154072475626577 0.2459600963597568 0
5.427092530376628 0.4999999999870665 0
6.639528318234918 0.5000003854608752 0
4.387856298097702 0.700009602271953 0
4.398927688515892 0.1146167981812772 0
0.7220909196875502 0.4509783054442826 0
4.532156878928459 0.5500713925649867 0
4.53218664179292 0.6500216701582666 0
6.467256645568011 0.3001271289676617 0
4.650694140423616 0.2453316561323275 0
7.129255155594064 0.7552073795575783 0
6.69631744425756 0.7997989055779874 0
8.9503308671031 0.9706519154111266 0
0.894903542721135 0.3503905886844645 0
4.907477251467256 0.4000000611976637 0
5.744635178433235 0.5499999999823795 0
5.484827557298033 0.6999999999840065 0
7.397301068777205 0.9380111092120235 0
0.8082608274279677 0.4999947593798302 0
7.586146304684594 0.2458336993801643 0
8.77675924066407 0.7992067199635763 0
8.717699554663671 0.4004028053448822 0
2.222800535773686 0.3500034630497558 0
4.965212309062335 0.5000000099499695 0
5.774660961197332 0.3963070581043998 0
5.602529703358707 0.2003367686990643 0
9.650750034958797 0.9750592026630255 0
8.847250188002883 0.9682203667106322 0
8.549999999999997 0.9711324865405189 0
8.25 0.9711324865405189 0
8.45733401540412 0.448532211239985 0
9.064398699100778 0.5000010034663087 0
4.647738511184145 0.649880481220941 0
4.990386159257319 0.2465744395133975 0
6.121143710951896 0.4044096150584005 0
7.333632641922749 0.4035763923113737 0
4.878609712566572 0.4500001037006394 0
7.303488916738591 0.6500157292300018 0
8.341386754073717 0.5477056636171707 0
7.909698763427565 0.5000001308880312 0
4.789707210971483 0.7982367094315101 0
0.4499999999996123 0.02886751345945249 0
5.051814853479367 0.5500000032030179 0
9.03553114614645 0.5500010786468376 0
4.18700261193667 0.8498536441475922 0
6.750756308457053 0.970111930062594 0
4.387694216953426 0.5002803781125635 0
4.561049903414482 0.6000287733591154 0
4.618794423225879 0.4000129143510045 0
4.878609731900843 0.3500000713998153 0
4.994079821527879 0.5500000116106648 0
5.080682367612098 0.6000000020784839 0
5.513695070757124 0.5499999999836362 0
5.600297611135572 0.4999999999830232 0
5.686900151514262 0.549999999982602 0
5.686900151514624 0.6499999999825842 0
5.860105232271163 0.549999999981963 0
5.834048641545653 0.39727223159383 0
6.20657173487966 0.5500975856193538 0
6.293126776521698 0.6000153153940052 0
6.466325744632059 0.5000047279796473 0
6.438257013738692 0.3501111456284401 0
6.899335720885589 0.5500000070331248 0
7.072531514358145 0.5500160803176273 0
7.219601775412082 0.399905013498475 0
7.419001679578764 0.5500879078843961 0
7.505561459704481 0.600013796534663 0
7.649894305092298 0.4500056126009829 0
7.765361688377538 0.5500009840430821 0
7.851963797746466 0.6000002370240533 0
8.025168757696415 0.5000000276435218 0
6.293120109037115 0.7000037669713335 0
7.390088714880793 0.7000093959730604 0
4.878067231671633 0.250939711494062 0
6.294575329012591 0.7978548082218652 0
4.648108547053221 0.7492397606734731 0
5.427092530376434 0.2999999999861996 0
4.732765788791359 0.7992940636376984 0
7.993820444497445 0.1505453778155617 0
5.049040694220038 0.7567229611707874 0
5.250518858206382 0.9704702391530526 0
9.403174719744536 0.9377998270485659 0
5.917840259190126 0.5499999999817545 0
6.812450376801619 0.2011360532386541 0
4.705403158234161 0.3500025654839495 0
7.159132249318262 0.5000192064450932 0
7.678760440600815 0.4000032243598075 0
5.253887449580046 0.4000000000534009 0
7.766749159535053 0.2447137087256367 0
9.453107977413612 0.9699695738026258 0
9.154566867098064 0.9683295599723123 0
7.902872142994295 0.9393608712246433 0
4.647663041012268 0.4500110694416767 0
6.870468206987626 0.6000000062734482 0
4.705477430496892 0.7498739785142909 0
5.686558196580276 0.4499683562290149 0
6.812009401803197 0.3000000065658806 0
5.599942013362593 0.2999999999829248 0
0.548637380755391 0.2007754383455668 0
7.390266673585799 0.5003175675918017 0
7.043617583045809 0.500096478905789 0
4.619238573139228 0.6992438711553577 0
6.379729276599994 0.4500152455927083 0
5.254573038308084 0.6988125255458535 0
4.56102737083245 0.5000664167185191 0
8.691530632995395 0.7492344803188915 0
5.658032638054607 0.4999999999826983 0
0.8371524638664123 0.6499983613891582 0
6.034207517057666 0.4515540029459792 0
5.861415930766523 0.4509335297180319 0
5.08068236777742 0.5000000018016677 0
5.167284909016207 0.4500000003637444 0
5.311622476528976 0.5000000000037315 0
5.658032638054957 0.599999999982705 0
7.246551993008532 0.451402633653627 0
4.79200701953998 0.5000003587181748 0
7.851963861330715 0.5000003472278143 0
7.823096264941513 0.6500002034945975 0
5.401320919862984 0.2448657153755212 0
6.870468210057881 0.5000000115919075 0
6.552926040250799 0.6500008399405856 0
8.44999999999999 0.8556624327026257 0
1.183568017629708 0.3499999939800645 0
1.414508156193986 0.5499999994131564 0
7.592163963803069 0.4500137336556423 0
8.775596559282036 0.5002427633043771 0
4.647667274264311 0.3500039972896783 0
6.639536372051872 0.4000015245211148 0
8.804511488632389 0.4501525051421471 0
6.870468204015033 0.7000000011241562 0
6.610660712655776 0.6500002259041581 0
5.169126789222723 0.7562079309686183 0
5.831237718811506 0.4999999999820625 0
6.004442799568396 0.4999999999814451 0
4.964579349238715 0.3010963283781561 0
2.396003617135956 0.6499999999943528 0
0.7504610211814501 0.4999839340555821 0
0.8089892507667124 0.4012404060598339 0
5.513695070756588 0.4499999999839269 0
5.57143009767586 0.4499999999832109 0
7.67385743399957 0.1967639664808883 0
4.002123279223946 0.2866837128798428 0
5.398225016917817 0.6499999999869659 0
6.004442799569103 0.699999999981443 0
7.823096400360706 0.5500004382014773 0
7.072709756080618 0.4510975690102876 0
7.996301248524926 0.4500000350758118 0
7.216877654529381 0.7000012303872678 0
4.346794104214696 0.9682497997638848 0
6.177851412720973 0.5003525284311603 0
6.437457636293518 0.650003697618079 0
5.655625310679711 0.2998101374613205 0
2.74250883532211 0.6498353570061957 0
4.474155377765666 0.7547526540815769 0
7.130264993775836 0.5500187598555107 0
7.952872142994295 0.9682283846841253 0
7.347286788037744 0.9701483075091912 0
6.149159584461112 0.9773524364529266 0
5.5489237451268 0.9700952439154171 0
4.654114385778464 0.9683044614451799 0
4.383646564039465 0.3989176086534227 0
6.985890514379555 0.5000826978610657 0
8.198373823508255 0.400000001741006 0
4.952392386341423 0.9694481014060039 0
3.778341529106817 0.2529766206182493 0
6.26428707592455 0.5500634886850695 0
6.957070745527834 0.550000003089521 0
9.122134090150077 0.5000003103285728 0
0.8378845054921935 0.3516339166167091 0
6.437459098650483 0.4500062304958562 0
5.138417395509244 0.500000000443476 0
9.410809386803257 0.4000000018417568 0
1.270170555783949 0.4999999935863718 0
7.048967359889081 0.9702438177311787 0
6.447842659090878 0.9762462547767372 0
5.85187909540042 0.976215003597523 0
4.965212307902901 0.6000000118875828 0
2.193931348401974 0.4000005637483991 0
6.2931579654326 0.5000693361729247 0
4.445401272391722 0.5003271077998714 0
5.253887449606788 0.3000000000081258 0
0.6499999999994293 0.02886751345945635 0
3.406011881368447 0.3997175845463655 0
7.678759100584473 0.3000009018666751 0
6.350865742163848 0.5000221374630878 0
7.304423220479494 0.4516332048549 0
7.563300032418763 0.5000199420477389 0
7.64555426281514 0.9683229863882721 0
3.05993480137019 0.3999584975669656 0
4.271699234270396 0.4048604482728627 0
4.73427202329676 0.5000003074709141 0
4.907477252319734 0.5000000597741212 0
5.253887449572464 0.5000000000666708 0
5.225019936117102 0.3500000000589882 0
5.340489989990287 0.5500000000008716 0
5.427092530377267 0.5999999999866074 0
5.57143009767555 0.3499999999831268 0
6.120087309745484 0.5003021672241699 0
6.552926185997998 0.5500010923827376 0
6.639528247604526 0.6000002631248642 0
7.678761037613668 0.5000042590918057 0
7.649892697482693 0.3500028263197253 0
8.111634262786991 0.5497626755479994 0
8.284271673311267 0.5487794418586082 0
8.428975355884745 0.3995347912424306 0
8.629038375241528 0.554920678099597 0
8.71792039346955 0.600130718689503 0
8.977795882257375 0.5500015297296941 0
9.064398997889523 0.6000004347098749 0
7.159142428241275 0.7000015757346759 0
5.427092530378852 0.6999999999845781 0
4.561439347510598 0.6993549852988054 0
7.824230011420306 0.7539651991635894 0
5.571999915175651 0.2502455495099555 0
8.168657347198813 0.2516147301333792 0
6.639528137765578 0.7000000728776306 0
4.618800707370398 0.3000024159390308 0
5.686588286920402 0.7494598346596819 0
6.63914568139067 0.7988272709454103 0
5.685728261925775 0.8459361106885837 0
9.753137583870037 0.7955235219542983 0
4.8185643334877 0.8482547124988061 0
8.111410333233973 0.8498003954942367 0
8.69046398040371 0.6500217864249531 0
5.773502691892542 0.4999999999822708 0
7.996387802707972 0.7498500658985098 0
7.910218134501599 0.699100395518742 0
4.300286718392633 0.4513137555712954 0
7.938566247334969 0.4500000796690835 0
5.077784204798343 0.802868812600087 0
0.7517427327428541 0.4022330879230354 0
5.138447710616369 0.5999474931358508 0
6.437459213587926 0.5500064295727478 0
4.532266939103375 0.754100433172909 0
5.571430097676211 0.5499999999832232 0
9.151001670880273 0.4500001822754736 0
6.466325081461187 0.4000035793345982 0
4.820874741621978 0.2500000101877639 0
4.705403589564824 0.4500018448953725 0
6.612230672793893 0.8459602138478106 0
5.484827557297214 0.4999999999841521 0
3.200940328648202 0.8839870471639065 0
7.130273718566741 0.6500036478180121 0
8.450547695466092 0.7980006167558862 0
6.206522981809198 0.6500131428236685 0
8.688709523557511 0.5507843122775111 0
6.812733188695816 0.4000000212175522 0
4.618790369232081 0.5000196870307665 0
8.254582021651853 0.597355456725254 0
5.918298074713076 0.7474287908129453 0
7.22128206778995 0.8020966695358411 0
7.736493942443847 0.3000005811243209 0
6.726130687132195 0.4500000884467844 0
0.9237541114694425 0.4999988823480997 0
1.010361612190578 0.5499997600293935 0
5.225019936087427 0.4500000001091693 0
8.0829037746872 0.5000000104359679 0
8.717508365726339 0.500915030994992 0
4.820874527886649 0.4500003672593148 0
5.600297611135225 0.3999999999830027 0
7.419039148112831 0.4510567663111821 0
7.505589537203215 0.5000624599827177 0
7.476718984490477 0.5500571924000097 0
5.13964102261296 0.8034838451103234 0
5.658032638055325 0.6999999999826825 0
5.484827557297632 0.5999999999840594 0
4.27217176601488 0.4997526236777108 0
8.600046844464618 0.5047058738052053 0
8.891233328946758 0.7000069430871529 0
4.906934739896947 0.3009397202385636 0
4.604114385778464 0.9394369479856981 0
4.994057665843889 0.4500295742865911 0
1.010516549580217 0.1502002077331082 0
7.649894408563601 0.5500057919350825 0
5.398225016915021 0.3499999999898233 0
6.524059096322739 0.5000018263989396 0
8.862362286724503 0.7500037175010937 0
3.751514596163148 0.299807568176309 0
6.697263206499589 0.5000001453044006 0
6.866767160078621 0.2997527635988164 0
9.641749495451595 0.5999999999910377 0
4.561485811793132 0.2988261366652074 0
4.273420721253737 0.7991992388274125 0
6.610993951139076 0.7494226704520243 0
8.282549577021062 0.2463522258231026 0
4.216355044278562 0.7984681822679509 0
9.493348294997944 0.2466655821707642 0
5.744635178433584 0.6499999999823797 0
7.29999600376417 0.1151413625675433 0
8.111771286491804 0.4500000075679789 0
2.22279886186158 0.4500005637482261 0
9.72835203584026 0.5499999999709502 0
4.349047647257068 0.1433169879964278 0
5.743741718135813 0.3461171955831246 0
0.2891883029511871 0.3013759638425896 0
4.560565788289615 0.399404336082599 0
8.081488989965067 0.7984297904939572 0
9.104566867098068 0.9394620465128221 0
8.515048349322376 0.4484963699111827 0
5.600297611135941 0.5999999999830015 0
6.092092077981626 0.4518130034398856 0
6.524058898116031 0.600001483094257 0
8.082760404045356 0.5996945641707927 0
0.8519483600224935 0.03063670165409225 0
5.311622476530815 0.2999999999994628 0
4.532123743750781 0.3482191397474494 0
6.437518919807578 0.7466745491803353 0
4.47440398134129 0.5501012476433551 0
5.167315224215462 0.5499474929021932 0
5.946707772649782 0.5999999999816505 0
6.956471088895521 0.4501379704596272 0
6.899335717961716 0.6500000019682055 0
7.159139985627393 0.6000058066804119 0
7.216875233532073 0.5000054237409007 0
7.332505471243657 0.5002722007898348 0
5.94670777265013 0.6999999999816496 0
6.895806539660342 0.3498080357006216 0
5.513695070757361 0.6499999999838464 0
7.852408917699568 0.6992289395154527 0
6.898921754321468 0.7492829959102117 0
6.527478612669324 0.1978874267641517 0
5.427498928619467 0.7987664951914584 0
0.8082910898084432 0.6999977112416969 0
7.332353045456159 0.7000086340440896 0
4.349252237341092 0.1987896457151828 0
8.025467758289917 0.2018841206991555 0
9.12254230197984 0.6992932471748556 0
7.071520258633257 0.7552071544496051 0
0.8371386159816377 0.5499963768347051 0
8.11135980610554 0.2508810297938828 0
1.67431578056617 0.4999999999821526 0
1.674315780573268 0.399999999983601 0
8.775973674345394 0.7000260226793806 0
6.869916296550326 0.4000552816220307 0
4.445558691622161 0.6000641202405267 0
8.948926576067278 0.5000049422683388 0
0.5993209894919179 0.115862080737135 0
4.214583052261842 0.6999455035690556 0
6.264372811468107 0.7497954438966827 0
0.6010056017284431 0.2851544921990503 0
8.862313279305981 0.450025417499861 0
6.555433756708524 0.2447725431151876 0
9.323096479846704 0.7497272926104706 0
5.917840259190472 0.6499999999817548 0
6.870300251833349 0.7987987152571119 0
0.5768724112097391 0.5000411172663657 0
6.205873761450489 0.4523224048040616 0
8.111761487519553 0.3500209811335232 0
1.760918321008028 0.5499999999929842 0
0.2469918760619489 0.0306436060310863 0
4.531671407676374 0.4494492208610238 0
5.744293223499239 0.4499683562288099 0
6.46632527739664 0.6000039187035596 0
6.783865673530408 0.3500000182632071 0
7.33237896775176 0.6000544392874709 0
8.370425294401384 0.597523015531247 0
8.542041941453178 0.5029544644527225 0
8.89119192005807 0.5000042362260684 0
9.122134149368026 0.4000001976040091 0
9.295339326045784 0.4000000150138961 0
8.719555232047197 0.7000254175003384 0
9.381164784314652 0.2530607766716436 0
9.122484028606465 0.300605911827424 0
9.151409848065784 0.7492931850691883 0
8.111349871993525 0.6492566589045594 0
1.93412340178281 0.5499999999956472 0
8.602458167406201 0.2998946159132901 0
8.025159459390874 0.3003263426705968 0
3.088802314829805 0.4499584975667823 0
8.544704847819666 0.2998629320838553 0
8.63023370358863 0.2502077727877946 0
0.5993857059611135 0.2284260230006162 0
2.193931022919323 0.4999999999951964 0
0.4999999999995594 0.05773502691890695 0
7.502454936724626 0.3037067942019607 0
2.540341184432642 0.4999999999940696 0
3.402105770150255 0.504148386163251 0
2.886751345945911 0.4999999999929036 0
5.16724236838764 0.3500208085475858 0
7.592158760192705 0.6500047148446615 0
8.256108849913257 0.5000000008493369 0
1.239511020623282 0.7463468273639822 0
3.059956426702528 0.499999999992307 0
4.272343688259534 0.6999614875122109 0
7.477360899817844 0.749788553873513 0
0.8948845927044818 0.5499984139948103 0
2.800241293142101 0.7498398068163639 0
4.213889295441639 0.4991026765662448 0
5.484827557296715 0.2999999999837915 0
4.5 0.9422649730810395 0
3.145039314509754 0.5473678845286667 0
2.280533563297838 0.5499999999948511 0
2.626943724811127 0.5499999999937113 0
9.380078846954095 0.7487379961530577 0
9.035531540810775 0.6500003273871459 0
8.427967617147655 0.4976681174243011 0
0.4033121625591521 0.4015694097834248 0
5.225050251207461 0.5499474927799632 0
0.6346022913780494 0.4999189821094506 0
8.342464452341332 0.350047988064856 0
1.096965328940525 0.5999999678078625 0
0.7216048686259114 0.5499846222267549 0
2.884819900657594 0.7984777328249741 0
0.2886745039695908 0.7000010219935846 0
1.356773124544709 0.5499999985808601 0
7.450014280739456 0.9678628017028321 0
4.907477271461455 0.6000000277962416 0
0.3752234500416756 0.4500927313904699 0
3.579333174040492 0.5002322016621943 0
4.820874680244002 0.5500001127288534 0
6.783643660613837 0.1500841251602355 0
8.024469085193099 0.7993063544563381 0
4.820760077758363 0.6497932668950996 0
0.8082729960062771 0.5999964915299445 0
6.898783809216091 0.4500552802468653 0
4.449999999999999 0.9711324865405215 0
9.324206842436741 0.4500000094339623 0
2.020725942163282 0.6999999999954949 0
2.049593455622493 0.6499999999954419 0
3.49225899225004 0.5506913976860572 0
3.867730338483445 0.500971648357424 0
8.399999999999991 0.9422649730810646 0
0.8369861051757883 0.7498135329331106 0
7.043672712242326 0.7000009910723312 0
2.366511322048956 0.6999999999943987 0
9.295339327989442 0.500000011314794 0
5.485168640688308 0.799900489300907 0
4.214392751715191 0.5997849090778753 0
6.17716129144527 0.4048686552155861 0
7.765361877890385 0.4500013125041678 0
5.571796523826523 0.7503861967456793 0
0.7505390548970683 0.5999955622462423 0
4.965190148001972 0.4000295816077672 0
1.181561095617419 0.2447334452338744 0
3.43466891072381 0.7479348701676845 0
4.878481493859787 0.6498168637317294 0
0.5999999999994661 0.05773502691891082 0
7.245748682688935 0.6500081004647996 0
2.714101190631578 0.6990388409339557 0
4.7920208072602 0.59997646634499 0
4.301148946565822 0.5498808127378534 0
5.138374854779364 0.4000208087965738 0
4.993967237777327 0.3501861999495113 0
7.9096987369335 0.4000000849695935 0
8.342558028213995 0.4498023265515024 0
8.688628833183468 0.4508627934254394 0
9.035531266593622 0.4500008493698578 0
8.862518325281556 0.2501831318368463 0
8.600325495471665 0.2022747428752241 0
4.037406036702475 0.4974317140661783 0
5.514620486029012 0.250245549510157 0
1.618711549820421 0.699519976297819 0
9.75705555502525 0.2999959120261522 0
7.76536155717015 0.6500007566360333 0
5.340489989993227 0.4499999999953564 0
7.30350672606436 0.550045980993175 0
9.468544414478384 0.600000000403608 0
3.838038955571899 0.7547048059040172 0
0.6638778450089577 0.5500031102335958 0
2.352648314827892 0.02984248496291643 0
0.7217033555987428 0.649990426071502 0
0.806582208949308 0.7978953292242472 0
3.550782975051774 0.02264991961900555 0
1.616580753511671 0.4999999999584566 0
3.752771182425686 0.6000054203868662 0
0.7220636184905969 0.7474347655981339 0
9.550655620172925 0.2456775771611992 0
3.249314052005879 0.0271452437992369 0
1.067609843865245 0.2508452463228877 0
7.649892988620437 0.6500033309129205 0
0.7505759226499824 0.6999907052077428 0
2.949265354360034 0.02973559955101616 0
2.650968016033588 0.02976436604843557 0
7.909711122785348 0.5999786971427825 0
4.734358553755923 0.6998503833776912 0
7.823096470812471 0.450000560307902 0
4.358988784638019 0.6500096022720663 0
1.747057270658937 0.03176702949923139 0
2.054375765651057 0.03168085976703378 0
1.949999999996971 0.02886751345939699 0
3.849783855628113 0.02540430379499394 0
4.878609728343834 0.5500000773434752 0
9.292971490574132 0.7997965915777249 0
1.239296122536296 0.2447334452337329 0
1.241303036351824 0.5499999925345488 0
1.449999999998431 0.02886751345939702 0
0.4999999999995562 0.1154700538378138 0
0.4040826000342013 0.5001080382801344 0
8.631767942454495 0.7473034046999871 0
9.641350091350608 0.6993082117823799 0
1.154700449649243 0.599999984377322 0
3.752299214356556 0.699176251557861 0
1.096965378805969 0.2999999770092221 0
1.876388374861335 0.5499999999953693 0
7.851963722724207 0.3000001069986116 0
0.548431702528291 0.5501557953423535 0
0.9218420565235028 0.2009053638630066 0
1.096965490753395 0.6999999963415144 0
4.185015539367772 0.5491656892391821 0
2.249915215549827 0.03213033840597732 0
0.9801194580879226 0.2016282408946913 0
2.136195996000378 0.4999999999953686 0
1.703183294068953 0.3499999999900033 0
8.688892020563806 0.3502570317618295 0
2.829016319027036 0.4999999999931012 0
9.670214044402364 0.7468971234816086 0
6.72609235746473 0.6500657820396799 0
6.119153810775522 0.6989240383131941 0
6.639554740421456 0.3000037766391287 0
0.7493748894225771 0.7955235679232247 0
1.099218637542877 0.7977130493663324 0
1.183567938613682 0.549999980066514 0
2.482606157513762 0.4999999999942602 0
1.849999999997263 0.02886751345939608 0
3.953961031419381 0.5515535518146023 0
0.3992963873137296 0.06233743811395612 0
3.839356814135828 0.6500382800114326 0
3.002221399783654 0.4999999999925058 0
7.39011271892402 0.600050999376725 0
8.399492327620816 0.7708180798345778 0
4.618802547177079 0.5999986985652376 0
3.344173065688064 0.5021590929658644 0
5.83095017937223 0.6989412722438888 0
2.829124221196967 0.6998131079535523 0
1.703183294060714 0.5499999999881531 0
7.851963862507851 0.4000003492686289 0
1.154700520076832 0.2999999967787237 0
9.208736771353699 0.350000042260513 0
0.8948891310515878 0.6499987976453292 0
5.311622476529335 0.4000000000025274 0
0.4617538693167108 0.5002185782606461 0
4.705413626602807 0.5499844330698078 0
1.068097873755815 0.6499999780576583 0
1.069247132102638 0.7497554513641591 0
8.499999999999991 0.8845299461620894 0
3.781642363716771 0.6500018493397954 0
4.272243688339998 0.5998500854650805 0
3.924705237262448 0.5023020154553345 0
3.43502857168325 0.349975966439458 0
0.3492963873137827 0.03346992465450363 0
1.962990915243216 0.5999999999956374 0
2.569208697892247 0.5499999999939023 0
3.431133681189338 0.5544262029201094 0
6.725862409184843 0.7504599950885963 0
3.779827459961992 0.7538800189371071 0
4.011548268798631 0.5518122214986048 0
2.222798536378943 0.5499999999950341 0
3.868224373907143 0.6000382349213749 0
3.666127733095621 0.4500452498578217 0
6.956656781145936 0.7492829957463348 0
2.052116901352515 0.7551884440328323 0
4.127243056761348 0.5495437652763717 0
1.268543977641967 0.1969145186529948 0
0.4906915836591979 0.5501549382004265 0
3.088082799542093 0.5487163067826653 0
2.30940107675745 0.5999999999946926 0
2.655811238270734 0.5999999999935499 0
1.356495988607192 0.6495199759168526 0
2.827977829729466 0.7993017254186223 0
2.913785181035161 0.8494968223270036 0
7.9390498256019 0.2511096334246661 0
3.839377174720862 0.5500020595566989 0
7.41962559319783 0.7497880691005454 0
3.17272696176273 0.5966493362741503 0
0.3180592828074353 0.2513752009417066 0
1.35693357063614 0.7499757602845915 0
3.521718285996542 0.6001152329397541 0
5.340489989990417 0.3499999999994517 0
8.948932676627171 0.7000032723310525 0
8.717092629588592 0.3012693079077371 0
6.466712666210324 0.6993276974689363 0
6.613035407820535 0.2447543818309949 0
6.55364793522669 0.7487492589387117 0
1.327905612064915 0.599999998753255 0
1.270170573296089 0.5999999966674056 0
3.781581165706881 0.4499355874907421 0
2.742968704091205 0.7490388409338129 0
1.009793342795499 0.2509861008041144 0
3.781638433658461 0.5500056756938275 0
4.819963264680235 0.7487414871889607 0
7.216879723461483 0.6000106046746077 0
1.847520861402922 0.5999999999955488 0
4.124886244460587 0.4454987070913149 0
6.697224832944454 0.7000657628816254 0
8.025248971747242 0.699781956015639 0
1.327089927542002 0.6985871831111434 0
0.4064672993520724 0.3028601370666099 0
4.647672521090685 0.5499945880833561 0
7.245747715823738 0.550009775145514 0
9.603169267562293 0.9457610994238632 0
1.674315780607242 0.5999999999892031 0
4.095354805662654 0.4954503702066654 0
3.868225160385519 0.7000374691964085 0
4.301221760693027 0.6499692727148139 0
0.9814937607808637 0.5999996238195334 0
1.934123401784061 0.6499999999956938 0
0.3783786831232106 0.2513834374819707 0
9.552419232603496 0.9707018967608377 0
7.766049764091433 0.7547363225617227 0
5.571430097676584 0.6499999999832015 0
1.703183294098103 0.6499999999945627 0
2.049593455621935 0.5499999999955235 0
0.9237556399142967 0.5999989649462206 0
5.600297611136302 0.6999999999830033 0
1.704038223902579 0.7492350360217557 0
1.707708779046113 0.8495996811510007 0
2.280533563298171 0.649999999994726 0
1.675427136600704 0.699999999995321 0
1.676775669328571 0.7983639432824881 0
3.925833331826658 0.6002593600813679 0
2.024494869454844 0.8020587736504583 0
2.627290925356583 0.6493986310090031 0
3.752766808706419 0.5000096786948096 0
8.775494016556898 0.4003647847522048 0
1.530148119310372 0.5499199959187782 0
3.05835062202611 0.5972186647049782 0
3.493753078589763 0.6500192054821052 0
0.2962882633759645 0.06411353068558992 0
2.656634089194719 0.6985747803866051 0
2.628176679263137 0.7521683200874018 0
1.93280201096324 0.75516395242401 0
2.281278019129897 0.8486002853933545 0
2.004375765651202 0.06054837322643077 0
1.789785834479515 0.5999999999949278 0
1.962990915244286 0.6999999999956608 0
4.791902965759141 0.6997752462585494 0
0.2877732396144342 0.8011753978903331 0
7.390487367213944 0.4029545869656888 0
3.523276718609886 0.7986545274318889 0
3.522751250381898 0.7000224063972074 0
1.797057270658792 0.06063454295862748 0
1.010362159238843 0.6499997803494293 0
2.308776295130056 0.6999999999945847 0
3.494750794452243 0.7494263411461464 0
1.876388374865241 0.6499999999958832 0
2.309520750961476 0.798600285393298 0
0.8954614219849966 0.7487369934219551 0
9.971132486540601 0.4499999999988347 0
3.752710078897917 0.3999390665488584 0
2.107328482541049 0.5499999999953801 0
2.280340854015555 0.7490712698204378 0
1.15444452473454 0.6994781172513427 0
3.492375210461017 0.8501862038924382 0
2.302563530381769 0.06197282336889376 0
1.899999999997117 0.05773502691879307 0
8.449999999999996 0.9711324865405271 0
2.020725942162652 0.5999999999955513 0
4.185648251633145 0.4495290894880838 0
6.03331524080656 0.5500085351440827 0
8.63126610584543 0.3499740040855506 0
4.21534323808415 0.4037257293011171 0
2.367136103676335 0.5999999999945054 0
1.587883146672363 0.5499199959965853 0
3.608295413324742 0.5501399754052438 0
1.588902586983967 0.6494399723291886 0
5.6014850532227 0.7997605075113753 0
3.695014148517741 0.500026846668732 0
8.499999999999995 0.942264973081046 0
1.962915005984565 0.8020342820414703 0
6.465929053540423 0.1986874539754019 0
2.7135620467994 0.5999726654433917 0
3.695013358064074 0.6000276162646323 0
2.39600361713561 0.5499999999944751 0
2.742429560258672 0.5499726654433592 0
6.610691105302749 0.3500045815557995 0
8.37131135281218 0.3997257647663575 0
6.524447449448215 0.6993272754007456 0
6.091075190059691 0.5500517018929012 0
3.666127949108171 0.5500450395455159 0
3.780326548909394 0.3497358177846707 0
4.097321994450677 0.2289427908299736 0
9.211457707546465 0.2453542217822354 0
7.996726070234565 0.2512354948272969 0
0.9245030738028268 0.6989216079867124 0
3.579429682682672 0.600138239631997 0
9.583757775202649 0.4000524230120218 0
2.453738644054489 0.549999999994284 0
2.886625218965017 0.5997192443065962 0
5.744035774399386 0.7484011069212988 0
2.800164587177555 0.5499726654431628 0
8.80404626438941 0.2512537861330117 0
1.760918321023061 0.6499999999954561 0
1.61675066027339 0.5999199960213312 0
1.501155498065229 0.5992666303051294 0
9.324206842773439 0.3500000087922866 0
2.915477317828673 0.5497459431693207 0
6.436926851777589 0.2456779145906941 0
3.694499934802757 0.6990457635039879 0
4.000338048731097 0.1146768811949707 0
2.454143711357484 0.6492984028454829 0
7.938625517061344 0.3501795368036112 0
0.9822379811235147 0.6989219318174996 0
0.02886751345950117 0.5500000000016045 0
1.154807010667602 0.7957590968905834 0
9.208786887995331 0.6498522418995024 0
7.043671687171562 0.600002767588157 0
7.996313620575332 0.5499786233291857 0
1.531042452137798 0.6487866066907939 0
8.977823444347418 0.3505472720190762 0
5.77321515245327 0.6989412722440946 0
8.630838460237733 0.4505172704135666 0
1.414105908602951 0.6488666104548244 0
9.67061700891492 0.6499999999839505 0
1.847520861406569 0.6999999999960251 0
9.973839480999843 0.251078518784375 0
8.110790484509925 0.7486641155448244 0
8.172172435425249 0.7476455159710942 0
8.08263174877723 0.6994725696243345 0
1.183312028445678 0.6494781155369461 0
2.972035924938146 0.6478107552417998 0
1.269376032058018 0.6985453246391351 0
2.222798536379273 0.6499999999949095 0
2.540746251735619 0.5992984028452533 0
2.483011224816742 0.5992984028454444 0
7.996350734786665 0.3502004926527774 0
1.01225533698973 0.7486775845483733 0
2.107328482541433 0.6499999999952673 0
2.193931022919656 0.5999999999950593 0
2.136195996000707 0.599999999995233 0
8.602283266999562 0.3997742546567303 0
2.569960965740349 0.6486970338605156 0
8.082893976824872 0.4000209859252089 0
9.728393314842055 0.2450823388018559 0
2.914427360172985 0.7487155768100802 0
1.789785834487795 0.6999999999962192 0
7.736494377991935 0.6000013360070939 0
1.443250563709951 0.599346634123523 0
1.241047054354382 0.6494781153589948 0
4.013046211817968 0.6514267637493167 0
7.0725388995286 0.6500032882636405 0
8.025158955848775 0.4000209962254879 0
7.938578627496438 0.5499786819804233 0
3.001215194150435 0.5982483010912355 0
1.760661894864712 0.7492350360217603 0
9.757219549300535 0.6999999999703675 0
8.804527188274415 0.5501345514910995 0
9.29517253209065 0.6999142096756867 0
1.875066984044343 0.7551639524241851 0
2.915180976671598 0.6492816984569609 0
7.678760616989789 0.6000035300729734 0
2.973212344747543 0.5497459431691213 0
2.193931022920001 0.6999999999949449 0
3.665500001964285 0.7481862305298423 0
0.317782001017748 0.7508383150377895 0
7.824484164816759 0.2447136712241461 0
9.583424673009414 0.6990252264518928 0
9.554956563624167 0.6497170147119624 0
9.064777990351239 0.3011489385747135 0
0.02880488223377587 0.6499543313473446 0
3.955286016481887 0.6513697217608657 0
0.3756241385789513 0.7510441554772587 0
3.66608525980136 0.6498935571636882 0
9.971132486540613 0.3499999999991206 0
4.99104254161548 0.7558361138448413 0
8.299999999999997 0.9422649730810562 0
3.608334120203387 0.649909244671325 0
8.350000000000021 0.8556624327026658 0
8.349999999999994 0.9711324865405373 0
2.136195996001111 0.6999999999951287 0
0.02871022366248849 0.7497275660801611 0
3.579620895309392 0.6998894388941843 0
3.926545404812063 0.7011477857858486 0
6.205873786884593 0.7487108998600595 0
8.891191800599467 0.6000263376411608 0
9.237654421797718 0.6998522031761252 0
9.497221536678666 0.649717014762744 0
8.862320758376859 0.5500231120550769 0
9.237604298494619 0.3000000162168589 0
2.109851928271404 0.7551884440326408 0
6.17688943867749 0.6989250792461019 0
9.942264973081215 0.3999999999989767 0
8.348944632154746 0.7996123823218634 0
8.977800075281102 0.6500034908679219 0
3.608372102068893 0.7490142184124019 0
8.300000000000026 0.8845299461621294 0
9.323986021300858 0.2520972993177056 0
9.295339330024037 0.3000000074404028 0
2.223230608724398 0.7490712698206143 0
9.944971967540456 0.3010785187842293 0
3.580028381299044 0.7983753722011675 0
8.948932268470777 0.6000040492735073 0
8.977794407449196 0.4500043370890315 0
8.948925039440811 0.4000078673014127 0
0.05767239569327705 0.5999543313475695 0
2.886468217299721 0.6995128705409167 0
2.975321997060684 0.7476576006786804 0
0.05751510589626437 0.6996818974268124 0
9.55183442164202 0.7531336522061883 0
3.004217802453968 0.6969839511943557 0
0.4041660548792619 0.6000510697793354 0
0.3753071773522763 0.6500361497200462 0
0.461919238018633 0.6000774368951289 0
0.4042833077029669 0.7002394142878634 0
9.762062468323155 0.1988342736092024 0
3.267501198964658 0.1667922026107141 0
0.5773973410562557 0.6000421251846235 0
0.6640049276872407 0.6499879510511999 0
0.6349585901964327 0.6988530189319211 0
0.5485779725226329 0.7482857977318151 0
0.6351136033686124 0.600011575232781 0
0.5772784771291664 0.6988054038135895 0
6.9718195300221 0.2973052312501171 0
8.650505702569784 0.0314951931053246 0
0.6641447139485492 0.7462995543426143 0
1.049423758743481 0.9684995913088632 0
8.699451429007606 0.0541333415737369 0
5.864658336661627 0.837393902239398 0
7.198988386859175 0.2271972058435897 0
7.102541681043295 0.2269970337413705 0
6.050766934297426 0.9684892433868503 0
1.00042080863232 0.9458588247586862 0
6.800118164127451 0.05504458756534233 0
7.017975547467922 0.2822804715978809 0
3.649162974540321 0.03151474434516715 0
8.202873712422475 0.8849148037440333 0
7.043596299480882 0.397352686631787 0
6.953287664392626 0.3460769329916787 0
0.5468859488117773 0.4513573431563084 0
0.4599249690228091 0.4029017997049589 0
3.451252545715089 0.02962120408656974 0
6.248682894828647 0.9704007406185792 0
9.027381808062096 0.1649164891235611 0
2.89850981150907 0.9451314808700662 0
7.149941301926038 0.1999535312090863 0
6.099926518758542 0.9458416798397771 0
0.8514896992389152 0.9704613243077521 0
0.83073264334691 0.2515048212844525 0
3.59994594959994 0.0541646639641727 0
9.291979610519542 0.1192391731446179 0
7.243353571916943 0.3085443436409669 0
8.848447841967719 0.02951680803418923 0
5.998072955316937 0.2279237250808618 0
5.901468429943631 0.2273902711631083 0
3.947833844005873 0.1997633968014987 0
3.896297860082127 0.1098230799121591 0
6.985084700962038 0.3964068691258499 0
0.6705645900341142 0.8334080977003111 0
0.489507525787842 0.4515356612925157 0
5.347041254073716 0.02765139911644822 0
3.502035520774418 0.0522711237055753 0
6.197842479289765 0.9477531770715057 0
4.201628651201929 0.94554559051097 0
7.301445404604031 0.22837348715385 0
6.445552909755971 0.8831410550607481 0
6.346749984237428 0.2043743162983536 0
3.252842288265658 0.1246356743067441 0
4.196362407352457 0.2310401761781481 0
4.298985110181584 0.2305445061879615 0
6.201339097391211 0.2313721380617132 0
6.097881687889791 0.2313506952105508 0
0.1126462753748676 0.7989750452235833 0
0.02735381725009911 0.8489851483973135 0
0.1496922147270028 0.02785028772852642 0
9.968926780559134 0.1516706494103069 0
5.853088701295958 0.8828467816784444 0
2.187307220016089 0.1045978506507945 0
6.693588016493949 0.1177564277936982 0
0.902486749127754 0.9478205577575751 0
7.248715365502283 0.9717160193250383 0
0.8036108399563153 0.3026256401399338 0
5.682817691419693 0.2501409100532955 0
2.451223722817568 0.02827532644964608 0
8.797393568405386 0.05215495650260153 0
7.51249200126103 0.8953780951987702 0
8.561644740636435 0.6843274835314885 0
5.051093874366974 0.9716477842494889 0
0.7974925581085653 0.1097701054375538 0
5.949999999994036 0.2004548254442362 0
2.05005159482773 0.9718879788687604 0
7.649116207502961 0.02781635295947827 0
9.287474582739112 0.8953369041564622 0
5.812534116695997 0.2818325911317181 0
5.173894078910334 0.1644916982353075 0
3.946686653430183 0.1420541240981762 0
0.6531183823477396 0.3068617213366437 0
1.601756916051559 0.05458852536821927 0
5.29704125407364 0.05106571867677553 0
7.45027775860836 0.1385965190788256 0
6.550458817559172 0.02801350040391807 0
9.041495131305549 0.1203993228492951 0
4.097102782174041 0.8847946705491122 0
2.538957252247593 0.7952047619017055 0
5.393662516745939 0.05759342594881428 0
8.098021354896641 0.9456075586275641 0
1.416506853568464 0.7492984785734023 0
1.503304739649653 0.6972565359922891 0
3.151772862026495 0.6895498620907821 0
1.351563977695979 0.0275200291800143 0
0.6552663746404102 0.876166829141148 0
8.203808969476338 0.1162531093952162 0
4.787488831884752 0.8928353723405276 0
1.248747387939555 0.02768442823107959 0
5.764269845470815 0.2972113718052814 0
8.898447841967798 0.05273492387708715 0
5.833480533751423 0.7967453309198264 0
5.744714811764862 0.8469370677672137 0
2.393154005521605 0.749463817594108 0
0.8014896992389149 0.9472772077619538 0
7.352676078283321 0.1983648756986101 0
3.234219286760988 0.206855072601063 0
4.095901066226958 0.2839721681847108 0
8.702147225599639 0.9455927157478091 0
6.553382033725015 0.8470572843340936 0
6.464556794228185 0.7971757980918134 0
3.92216870685595 0.4057933998996961 0
4.248435075419646 0.2034414130299739 0
2.571050641492747 0.7504503282365522 0
2.484095864344108 0.6967565603720441 0
6.448322085026639 0.02785943404382102 0
3.94758506369824 0.8587347502335108 0
9.066047790877548 0.8001657928379929 0
9.059930705190919 0.2051969545877108 0
6.149808732566967 0.203776945949293 0
2.191704786978223 0.8808875994225573 0
7.735136260529836 0.8008197222347659 0
6.298785799094707 0.9468770258568648 0
1.964881922013457 0.2000663836087631 0
6.891292001187484 0.2497527605645942 0
0.9978582653951129 0.05427605030847468 0
3.401252545715234 0.05268364754376333 0
5.141574129149596 0.2046158226057875 0
3.151607021367428 0.1526255423225714 0
7.75194478803264 0.02757342598975169 0
4.563339283439034 0.7996725596387076 0
1.338828197807444 0.8506824845910368 0
1.947948501094992 0.9723270752204789 0
0.05606404091258761 0.7987127144773825 0
0.1966840907890987 0.05849389375961273 0
9.942766261558976 0.2027491681951356 0
0.6481923278426183 0.1438702951781952 0
5.152383559132164 0.9723955711856214 0
2.31208103669707 0.8929878373396796 0
8.350765620244211 0.6904761666968393 0
9.645196123750257 0.7947542295457211 0
9.638574378455854 0.1992126283106188 0
3.410739716145781 0.6993487506583836 0
3.408663324428158 0.6046678534134444 0
3.699418971257515 0.05512163756141303 0
0.4112734850221177 0.8984467088185802 0
5.61069833830393 0.1050227838733314 0
2.55251334012002 0.02761781723576304 0
6.957086705103952 0.8457908102860938 0
7.039457542602084 0.8004135102293692 0
3.003860308771607 0.8845888486643095 0
7.147435472111753 0.9724058355250447 0
2.659596633028081 0.7978691566343497 0
2.66071237916553 0.2006197867510129 0
2.742755857097024 0.1545368351516939 0
6.00037975637902 0.9444244849585024 0
0.6997150389069153 0.05491260386588059 0
0.8016633989300496 0.05668179206051649 0
5.28978577845168 0.1020853849318415 0
4.442356459211308 0.8002425939433087 0
7.402302355421021 0.2169705045012611 0
5.341276711138711 0.845689765352447 0
5.259411840981061 0.7997480087514514 0
9.700750034958791 0.9513900069921083 0
0.6377524552107883 0.7926704547902667 0
3.70244804427061 0.8838244755739011 0
7.296002153540034 0.9418643268342295 0
1.760396506066528 0.8456886354534242 0
1.842757129571976 0.8003818139875347 0
1.843824136835753 0.1997531369663834 0
7.856454549538014 0.7992970450270667 0
7.856933622537326 0.1995099779330061 0
7.939733939853978 0.1545136402323749 0
0.5567895639994946 0.8478651168044503 0
8.944964430151005 0.8001555072668031 0
4.909349811888327 0.8807680555660312 0
5.200616928198976 0.04827291435728345 0
8.906754658803667 0.1046495807146559 0
5.657664182285631 0.2004219917640086 0
1.0998149366782 0.9446487091806248 0
2.403872037649802 0.05811781141256252 0
9.675909852753188 0.8350965663078094 0
0.7930943727897359 0.8953586770873995 0
8.999495155771081 0.04801426302421567 0
0.6993281070515326 0.9503513746537818 0
9.849126036786313 0.9702537671743832 0
6.307449886703854 0.8949374311087014 0
8.600187826097773 0.05499424262602913 0
3.747058394758713 0.7989095555843837 0
3.392470976341739 0.1046319631632056 0
5.853169836363291 0.3039164751998642 0
6.397945563356939 0.952722540015023 0
3.299314052005731 0.05020768725643049 0
1.149765484050903 0.1998050661830554 0
1.066129963992141 0.1546297083612139 0
3.708705523097627 0.1071135556030839 0
3.800039852345599 0.04901119701123982 0
1.322247400204511 0.7972753394080789 0
5.901491917482014 0.9521502451691749 0
5.990978160429248 0.8924193990026247 0
8.249409919083327 0.201189617123936 0
1.448595955430269 0.1996433238197604 0
1.532407449883034 0.1548114857566467 0
1.199537868385112 0.9500435908038773 0
1.109529919216429 0.8926063040478942 0
8.499967779621191 0.04833923917188962 0
8.509019840999022 0.547469489613216 0
8.424586406821858 0.593043794957659 0
8.590355605330835 0.1070461578385999 0
4.444560383034873 0.2027003960303864 0
5.599314355379999 0.05493156468983967 0
5.694692001406699 0.0549865115192083 0
6.646538030287056 0.199763774937064 0
6.730524413560151 0.1548612450788952 0
9.300066742330927 0.9453065633846022 0
9.204566867098066 0.9458058701109744 0
9.24499320622385 0.2009137713501329 0
7.595554262815137 0.9458310921190396 0
7.500014280739451 0.9453709074335996 0
2.199915215549972 0.05460468209116629 0
2.10437576565091 0.05415520345222274 0
2.228163407989914 0.8438180442579277 0
2.143652240996231 0.7999352184698904 0
4.705492699833446 0.9451611004094647 0
2.393785375644767 0.9445572483861595 0
4.957499741837136 0.7995289777985544 0
4.872744574538162 0.8435959332825905 0
4.956506979503062 0.2017660622049348 0
0.4600550274081878 0.3104474609370516 0
4.741206456638002 0.2008024185635113 0
0.2040301134632317 0.9479143203142592 0
0.3006270491627839 0.9484776827872772 0
6.800473217398919 0.9477643767640267 0
6.894675852447773 0.05498744085818326 0
5.003486260708401 0.941095885655493 0
2.803634992625476 0.9457304382988859 0
2.899655897719312 0.05207562501695632 0
4.296610920552401 0.9457510469352857 0
5.498923745126801 0.9478335526650438 0
2.359705470213457 0.1997753435995644 0
1.603597758304619 0.9452498634022619 0
1.696930894423403 0.05426342170339935 0
8.002947701781519 0.9458200908070179 0
8.098366886315953 0.05427486312389488 0
7.339855064466834 0.8002057251431114 0
8.797208670640618 0.9458097792362778 0
0.9019483600224587 0.0528665973100584 0
3.597778421489843 0.9459619820444765 0
1.594827467461672 0.7490199970970914 0
9.460617090776994 0.7976196891121714 0
9.459703144170213 0.2023067838165757 0
0.2390330312484463 0.2015287399064919 0
3.86766647333224 0.8021331714627622 0
6.570608927137614 0.9419091267168536 0
5.4353562631351 0.1999836025840741 0
4.187921876632997 0.2835027176582904 0
8.772581179663492 0.205783408602381 0
4.448362750699117 0.2961430159186934 0
0.9269505285925966 0.7941911410295539 0
6.174324782495283 0.7941333649953344 0
3.525201172548822 0.2058780397096804 0
8.468862049309424 0.1653619556020829 0
3.95833592428522 0.3693694082407282 0
0.4056158060570021 0.1164239469203026 0
5.728571490747226 0.9418404125958402 0
5.159077921063814 0.1202576149185905 0
6.353169727403515 0.2979443222690068 0
3.261354871566109 0.6277819541257752 0
2.097913729440557 0.9413621371907563 0
8.900975253682077 0.8842658025738301 0
3.22672694493503 0.5912768630035021 0
3.310989765441637 0.5457807432430186 0
7.599903761114131 0.05745681797881592 0
4.549438683984195 0.1437609272524108 0
4.003949367581574 0.4531996781990014 0
5.866003020154762 0.3537519814640087 0
8.608647274327367 0.6042484104092745 0
8.610190570680096 0.6980756677791196 0
3.50279720202161 0.9459787708874241 0
8.255832533191581 0.6897790414203355 0
8.339064257051641 0.6408398386341735 0
6.814026668406247 0.1052799728492897 0
7.899839575906029 0.884692746154074 0
3.140956860136013 0.6400568139626475 0
3.058583485007202 0.6894805524782901 0
0.02440169358560558 0.9422649730808851 0
0.02440169358571476 0.05773502691923053 0
0.05773502691902338 0.02440169358575853 0
9.975598306414314 0.05773502691893293 0
9.942264973080931 0.02440169358566138 0
0.05773502691893879 0.9755983064143573 0
6.541392064271898 0.9781095141235637 0
1.800095883440411 0.1151436007237487 0
5.758329976686992 0.978071780672028 0
7.253318649686243 0.3582988653085374 0
8.635610479835359 0.8463045845076828 0
4.349880575154055 0.357362434952077 0
0.3989228882746314 0.9484468952278453 0
2.883419387195814 0.8944560910329674 0
6.043394211458912 0.3594458244917064 0
6.254858877237578 0.3583632403421314 0
8.435274818649575 0.204463831996036 0
7.500787553607456 0.1132668939999009 0
6.598921174278172 0.05847601680620848 0
9.975768024514842 0.9424346911813952 0
9.942434691181509 0.9757680245148161 0
8.165704855465847 0.8462390865660085 0
4.399437365836794 0.8848753219005581 0
8.374951415718712 0.197177423830586 0
8.456057483436993 0.1208996666554482 0
4.217176098943003 0.8947526145492599 0
2.701190842927755 0.8844937829563417 0
3.859938390067201 0.2985977124162085 0
4.22150861930802 0.3187623255802555 0
8.551917193752651 0.8027444062354215 0
1.444273130470084 0.697256535937926 0
0.7496839448492481 0.3088550114641325 0
9.790409986022162 0.8945191817681151 0
3.909003042576228 0.2846794398258407 0
1.401563977695838 0.05638754263941132 0
9.611312854369933 0.8936182054796347 0
9.603104690142828 0.1120339006756462 0
9.799126036786305 0.946584571503466 0
6.693250268887771 0.8961797979075814 0
4.133412778172078 0.8462644607783268 0
6.090657520900429 0.2832325312303541 0
8.251000986735587 0.803658085710578 0
8.003102229593228 0.05454790442445179 0
1.617749137814015 0.1054013489410712 0
3.008979984965193 0.1024959264317309 0
1.19874738793963 0.05655194169052245 0
1.697253627268994 0.9453686178749786 0
8.081988082311156 0.8949353322546353 0
5.774975826715627 0.7987763747659455 0
2.364598875548625 0.7989928331671542 0
4.602962243623908 0.8850121701859167 0
4.597736708835964 0.1104802645084734 0
2.967796143736142 0.8459657028611304 0
3.438525058704452 0.8468210722031688 0
5.108530286080708 0.1051813769205295 0
8.718577495806983 0.8947958046547542 0
3.175907372741108 0.2045977033998039 0
2.003708904942439 0.1147444285404699 0
4.049389760669335 0.3135648246957194 0
9.799774873350508 0.1100442295175427 0
6.522951026409406 0.7992509299183805 0
6.207843497108659 0.2831411440615839 0
7.696050320714237 0.8855389016677823 0
2.997579454276941 0.05223147806490378 0
0.9812610912361747 0.1049181700519201 0
9.660168607331585 0.8792335239371927 0
5.403267600843609 0.9457128219416854 0
9.104292944085778 0.8854717027524815 0
9.091823366251566 0.1052815882288164 0
2.542178091808096 0.6961551913872679 0
6.398197385113898 0.05786809875497551 0
3.899797838623401 0.8903896243278542 0
8.406005831858234 0.1057029677108738 0
9.124454538998997 0.7954038060038038 0
9.120559551427824 0.197904520554705 0
4.050290519663291 0.8019279373643259 0
7.67671260689213 0.7960834287227998 0
0.5798658268521383 0.7947043132977989 0
2.023134503634005 0.2048223044051229 0
6.865443362509756 0.2002353862105929 0
5.080729448405856 0.1976679310337287 0
7.802290577790022 0.05712453587753084 0
4.621381665760253 0.7949230012827195 0
4.623823309248885 0.1987343956544782 0
2.803979090911159 0.05437725518711144 0
1.897556290242127 0.9427816567131959 0
6.704500830415968 0.9467751651460726 0
3.052456331948405 0.8036442695714064 0
6.125695474045596 0.3175286860124932 0
1.291785210948225 0.8898550471949036 0
5.605408065926504 0.8961171919954737 0
6.896076746456235 0.9456200510836205 0
0.6489406530483808 0.2003883932926951 0
5.202902417338551 0.942865810338674 0
3.520157855894356 0.8952097008116848 0
6.383856654123268 0.2463078022305214 0
9.584741919331108 0.801273743600788 0
9.577219419673124 0.199667726778989 0
0.5526103479492607 0.3077637460067156 0
3.44182342808208 0.6508370207217435 0
5.682849777391351 0.940416269243693 0
3.356397982250735 0.8018057553059086 0
2.603481356158533 0.0573821832841986 0
4.304044340156514 0.2818746682957159 0
6.982328791139956 0.7944898725632213 0
6.616294718157957 0.9404628476767685 0
7.096402832000841 0.9426496532562234 0
3.409344683124888 0.7937979247641576 0
2.716921556419289 0.7942756169334098 0
2.717811343738753 0.2065565612202614 0
0.4537960379913535 0.1961307650291267 0
0.7497150389068845 0.02604509040642424 0
4.384928787694599 0.7954930355877639 0
5.594865341791256 0.9467428812352982 0
5.316097795822111 0.7935094885834488 0
9.749999999999993 0.9763308043290826 0
6.172757374085784 0.3173670484663476 0
6.296879671503554 0.227193726553177 0
5.645941596664451 0.9766476373198809 0
1.786087067311119 0.794452897584916 0
1.786606664618546 0.2045090577630965 0
0.5420429059215748 0.3575162388034919 0
7.913500949738244 0.794560751514681 0
7.913705009013786 0.2057265217133379 0
8.887901124434581 0.795393520432998 0
8.021047784544495 0.1053760317295186 0
5.249999999992783 0.02341431956032731 0
7.073209729423256 0.3536101996968473 0
7.133115952640357 0.3558436792160034 0
1.680674675217956 0.8944975251345089 0
6.653744521958908 0.9766632350834785 0
8.949999999998408 0.02321811584289792 0
3.091737734346281 0.0544755242091393 0
0.7499999999999992 0.9768158834542017 0
3.690530216314806 0.7933462552309921 0
8.606168310589728 0.79304050339938 0
8.197165463112267 0.7938498819919986 0
7.297834403933425 0.2793167911931485 0
4.105479957253156 0.7950526016878834 0
2.999725500246274 0.7938886372277012 0
0.4025994251627673 0.2050624047771372 0
6.350102904266056 0.9764762852382856 0
3.349999999992883 0.02306244345719359 0
5.421895606030178 0.8952271144910343 0
1.093549373569593 0.2059168870415704 0
7.149050376442862 0.306043262177701 0
3.750255996709058 0.02360689321624588 0
1.262538745675636 0.793688264959478 0
5.949612822081588 0.9759352415716519 0
8.193170004723727 0.2065953815436015 0
1.504605219738575 0.2060526859251624 0
1.150391177934717 0.9761491178717616 0
7.058428792982402 0.3040037758075982 0
8.549682123525862 0.02349904952070453 0
8.452659850611752 0.5421473012559922 0
4.393775706441067 0.2248513749976681 0
0.4947471579713191 0.9467643720928496 0
5.649999999993388 0.02270454670009381 0
2.82315011054154 0.1047295864460147 0
8.545837286703044 0.8591376706620798 0
3.349447822475353 0.8577598452462116 0
6.533843059873871 0.8924108299646454 0
6.702319880718776 0.2059131722164599 0
6.876856320773401 0.8951357705060113 0
3.048314099910812 0.02249587851388762 0
8.254927916313086 0.8591639243204352 0
9.250000000000002 0.9774763101386621 0
9.299786488448825 0.2076568576620594 0
7.549999999999992 0.9775081057307675 0
2.149999999996386 0.02247434368518896 0
4.268637808773925 0.3178111962523689 0
2.199295894530334 0.7938180442580478 0
4.751378314054977 0.9768566389642845 0
5.764767431388227 0.8922156804346457 0
2.348457106525023 0.9767921551036913 0
4.90161208799746 0.7935959332825278 0
4.901832661259142 0.2062879423251918 0
4.795916668289763 0.2054713334606703 0
0.2509692594943091 0.9781042285621142 0
6.849716908941859 0.9776524467014327 0
6.84911509490598 0.02276318137654157 0
2.850236707791852 0.9774686094433036 0
2.850390543353476 0.02234002546594016 0
4.249816816337701 0.9775012471714009 0
5.449999999999997 0.9777383087496265 0
2.304056176700921 0.2052220529692693 0
1.650059739197787 0.9774662133411101 0
1.649873623762167 0.02249639220416796 0
8.050075558787222 0.9775917061228926 0
8.050129573940817 0.02242745258043118 0
7.39550391080606 0.7947681803360025 0
8.749958482637734 0.9775894125256457 0
0.9499999999992237 0.02222989565596615 0
3.549999999999997 0.977777226848197 0
1.624280499667947 0.7986289280553259 0
9.404643342704189 0.7932943416201133 0
9.405161949873399 0.2088625576509169 0
0.2939641676492296 0.2064565941352407 0
4.043078172384651 0.8562279396557191 0
5.490920802380846 0.205363436721118 0
1.241993745906587 0.8766043358472292 0
8.713518606730794 0.2058484515586551 0
0.9860095362766423 0.7941314083251849 0
3.055587205054387 0.8591909503185919 0
6.115265525977332 0.7941052506687126 0
3.584263484022256 0.2059025621483414 0
0.4492650986061569 0.9780734410026822 0
0.4737644213854715 0.8967641856835846 0
3.904874312497778 0.2254613821504003 0
0.4563194187428816 0.1406890491847058 0
3.069804931701297 0.1047399725759664 0
7.336201204373593 0.3129479437551337 0
6.638377489963093 0.8898674804382771 0
1.229328078236931 0.8338446987947614 0
0.7267110923612681 0.3588559698041093 0
9.828523861719187 0.6499999999843937 0
9.870960660672619 0.6499999999947182 0
9.807305462240809 0.2999999999786481 0
9.807305462237029 0.3999999999733704 0
9.892179060144073 0.4999999999929062 0
9.828523861717921 0.3499999999837356 0
9.828523861722973 0.7499999999889463 0
9.8921790601452 0.5999999999945937 0
9.870960660667754 0.5499999999885463 0
9.803227057224266 0.7979346102538214 0
9.80730546224202 0.6999999999784825 0
9.894886054608108 0.3010785187842455 0
9.80730546223662 0.4999999999724319 0
9.892179060144869 0.3999999999938598 0
9.870960660671919 0.34999999999402 0
9.892987527155634 0.699993347551358 0
9.828523861714139 0.5499999999782771 0
9.807305462238153 0.599999999974 0
9.871769127683155 0.749993347551497 0
9.896324140302468 0.7998400112880719 0
9.870960660667254 0.4499999999877983 0
9.828523861713412 0.4499999999775932 0
5.660059168193266 0.8897905800038686 0
5.900879543672033 0.2763717971671766 0
3.255967958762542 0.540598744656244 0
0.05175551083570469 0.8912501214783376 0
0.1074272416460989 0.05225198131428495 0
9.944525086973449 0.1094056763294489 0
4.137651339367281 0.3073544354454255 0
3.948835805520797 0.4583286492721602 0
5.926041293056763 0.3559810833460343 0
8.640862009577511 0.6500031123226386 0
7.474295548259754 0.2628856532899732 0
7.103709290511503 0.2756022156595518 0
8.280336065064562 0.6395985015867431 0
3.82758643608775 0.2529751261908186 0
5.732226975053033 0.2512034425217832 0
8.500019431199854 0.09240345157598931 0
1.198801354376483 0.9059338983485705 0
5.810243824004703 0.2265622495144052 0
5.899838916069884 0.9084067554112908 0
9.950237124202053 0.8922813549177439 0
3.801466596950479 0.09442881685690202 0
3.083537035367055 0.6392777201394769 0
0.4846606907287601 0.3608040820383902 0
0.05262742842099649 0.1078762725621264 0
0.1107958808878609 0.945408398166502 0
9.892067229181077 0.05203167104731608 0
3.85502043629833 0.209418317505313 0
3.300319950018841 0.09409662403856592 0
6.399088347952441 0.9091156370512421 0
0.7006985640926638 0.9066191451473423 0
8.998384966885833 0.09167300546096309 0
6.93886324639868 0.2510363309248377 0
5.201896713812538 0.09180513221078646 0
9.702025020523937 0.9077072222105041 0
9.725716881848074 0.835174070516687 0
7.449900610404521 0.1857879259662698 0
7.309478288725948 0.3617396729201632 0
5.945073012649041 0.3071749107864035 0
4.295634086066073 0.3636737877388559 0
9.893414482084584 0.2098210777305254 0
5.226124062703791 0.1636445622222421 0
7.014789278151826 0.2283464344826967 0
6.200589368200582 0.3637720349632332 0
6.097509887667018 0.3634746323521932 0
8.975911793811555 0.1648867127298999 0
0.7242681197038554 0.8351259995777496 0
4.192148900413923 0.3634901980949971 0
6.379010344813137 0.8351343389545005 0
3.322863958010964 0.1651390245047846 0
3.778838677234571 0.1672497657000586 0
5.810209072087418 0.9542867842695509 0
5.919060800070852 0.8350135484447151 0
1.178792824643671 0.8349827382916106 0
8.519976319443977 0.1654186062144902 0
6.489234723362782 0.9543557689003009 0
0.1048163648046268 0.8943935465639546 0
0.1023196431480721 0.1023932269571808 0
9.894327343073595 0.1037023204578321 0
6.485802189432373 0.9048574721480926 0
5.813071679395088 0.9046620521083565 0
5.762356149661928 0.2091283319681082 0
9.899363160988365 0.8958684554255482 0
9.891560727967821 0.9460217916891995 0
7.492274758613789 0.2154202482190384 0
4.142606450003275 0.3560412430045866 0
6.967267857242665 0.2102851011564104 0
9.742558934800996 0.8805826298121275 0
9.829257995179798 0.257071909524468 0
9.874401788593101 0.258150428319781 0
9.812677241445343 0.2108197563793185 0
5.244024309984387 0.1179662036688963 0
8.539901554337586 0.119615177137375 0
8.957196627949029 0.1187915151172141 0
1.159369646464318 0.8799970202837242 0
0.7429751305919515 0.8811651232732078 0
5.938558224719685 0.8801866658578904 0
3.760969293154049 0.121016431103579 0
3.342224328632498 0.1188996958587712 0
6.359909776470705 0.8809297875263413 0
$EndNodes
$Elements
5 7378 1 7378
1 1 1 100
1 1 5 
2 5 6 
3 6 7 
4 7 8 
5 8 9 
6 9 10 
7 10 11 
8 11 12 
9 12 13 
10 13 14 
11 14 15 
12 15 16 
13 16 17 
14 17 18 
15 18 19 
16 19 20 
17 20 21 
18 21 22 
19 22 23 
20 23 24 
21 24 25 
22 25 26 
23 26 27 
24 27 28 
25 28 29 
26 29 30 
27 30 31 
28 31 32 
29 32 33 
30 33 34 
31 34 35 
32 35 36 
33 36 37 
34 37 38 
35 38 39 
36 39 40 
37 40 41 
38 41 42 
39 42 43 
40 43 44 
41 44 45 
42 45 46 
43 46 47 
44 47 48 
45 48 49 
46 49 50 
47 50 51 
48 51 52 
49 52 53 
50 53 54 
51 54 55 
52 55 56 
53 56 57 
54 57 58 
55 58 59 
56 59 60 
57 60 61 
58 61 62 
59 62 63 
60 63 64 
61 64 65 
62 65 66 
63 66 67 
64 67 68 
65 68 69 
66 69 70 
67 70 71 
68 71 72 
69 72 73 
70 73 74 
71 74 75 
72 75 76 
73 76 77 
74 77 78 
75 78 79 
76 79 80 
77 80 81 
78 81 82 
79 82 83 
80 83 84 
81 84 85 
82 85 86 
83 86 87 
84 87 88 
85 88 89 
86 89 90 
87 90 91 
88 91 92 
89 92 93 
90 93 94 
91 94 95 
92 95 96 
93 96 97 
94 97 98 
95 98 99 
96 99 100 
97 100 101 
98 101 102 
99 102 103 
100 103 2 
1 2 1 10
101 2 104 
102 104 105 
103 105 106 
104 106 107 
105 107 108 
106 108 109 
107 109 110 
108 110 111 
109 111 112 
110 112 3 
1 3 1 100
111 3 113 
112 113 114 
113 114 115 
114 115 116 
115 116 117 
116 117 118 
117 118 119 
118 119 120 
119 120 121 
120 121 122 
121 122 123 
122 123 124 
123 124 125 
124 125 126 
125 126 127 
126 127 128 
127 128 129 
128 129 130 
129 130 131 
130 131 132 
131 132 133 
132 133 134 
133 134 135 
134 135 136 
135 136 137 
136 137 138 
137 138 139 
138 139 140 
139 140 141 
140 141 142 
141 142 143 
142 143 144 
143 144 145 
144 145 146 
145 146 147 
146 147 148 
147 148 149 
148 149 150 
149 150 151 
150 151 152 
151 152 153 
152 153 154 
153 154 155 
154 155 156 
155 156 157 
156 157 158 
157 158 159 
158 159 160 
159 160 161 
160 161 162 
161 162 163 
162 163 164 
163 164 165 
164 165 166 
165 166 167 
166 167 168 
167 168 169 
168 169 170 
169 170 171 
170 171 172 
171 172 173 
172 173 174 
173 174 175 
174 175 176 
175 176 177 
176 177 178 
177 178 179 
178 179 180 
179 180 181 
180 181 182 
181 182 183 
182 183 184 
183 184 185 
184 185 186 
185 186 187 
186 187 188 
187 188 189 
188 189 190 
189 190 191 
190 191 192 
191 192 193 
192 193 194 
193 194 195 
194 195 196 
195 196 197 
196 197 198 
197 198 199 
198 199 200 
199 200 201 
200 201 202 
201 202 203 
202 203 204 
203 204 205 
204 205 206 
205 206 207 
206 207 208 
207 208 209 
208 209 210 
209 210 211 
210 211 4 
1 4 1 10
211 4 212 
212 212 213 
213 213 214 
214 214 215 
215 215 216 
216 216 217 
217 217 218 
218 218 219 
219 219 220 
220 220 1 
2 1 2 7158
221 1138 737 1305 
222 737 1254 1305 
223 1254 1138 1305 
224 1136 735 1306 
225 735 1255 1306 
226 1255 1136 1306 
227 265 740 1307 
228 740 1141 1307 
229 1141 265 1307 
230 278 1138 1308 
231 1138 1254 1308 
232 1254 278 1308 
233 36 227 1309 
234 227 865 1309 
235 865 36 1309 
236 733 1135 1310 
237 1135 1257 1310 
238 1257 733 1310 
239 268 1136 1311 
240 1136 1255 1311 
241 1255 268 1311 
242 731 1134 1312 
243 1134 1258 1312 
244 1258 731 1312 
245 740 265 1313 
246 265 1253 1313 
247 1253 740 1313 
248 1010 233 1314 
249 233 1122 1314 
250 1122 1010 1314 
251 897 704 1315 
252 704 898 1315 
253 898 897 1315 
254 739 267 1316 
255 267 1149 1316 
256 1149 739 1316 
257 274 750 1317 
258 750 1155 1317 
259 1155 274 1317 
260 1042 1054 1318 
261 1054 1146 1318 
262 1146 1042 1318 
263 940 770 1319 
264 770 1113 1319 
265 1113 940 1319 
266 1135 244 1320 
267 244 1257 1320 
268 1257 1135 1320 
269 742 240 1321 
270 240 1148 1321 
271 1148 742 1321 
272 703 899 1322 
273 899 900 1322 
274 900 703 1322 
275 1134 228 1323 
276 228 1258 1323 
277 1258 1134 1323 
278 744 224 1324 
279 224 1150 1324 
280 1150 744 1324 
281 894 697 1325 
282 697 895 1325 
283 895 894 1325 
284 248 980 1326 
285 980 1152 1326 
286 1152 248 1326 
287 868 701 1327 
288 701 869 1327 
289 869 868 1327 
290 748 257 1328 
291 257 1153 1328 
292 1153 748 1328 
293 266 206 1329 
294 206 824 1329 
295 824 266 1329 
296 234 765 1330 
297 765 767 1330 
298 767 234 1330 
299 1054 1042 1331 
300 1042 1251 1331 
301 1251 1054 1331 
302 750 274 1332 
303 274 1154 1332 
304 1154 750 1332 
305 1122 233 1333 
306 233 1249 1333 
307 1249 1122 1333 
308 898 704 1334 
309 704 1250 1334 
310 1250 898 1334 
311 239 747 1335 
312 747 946 1335 
313 946 239 1335 
314 267 739 1336 
315 739 1217 1336 
316 1217 267 1336 
317 223 920 1337 
318 920 921 1337 
319 921 223 1337 
320 866 682 1338 
321 682 867 1338 
322 867 866 1338 
323 271 753 1339 
324 753 1156 1339 
325 1156 271 1339 
326 240 742 1340 
327 742 1244 1340 
328 1244 240 1340 
329 964 699 1341 
330 699 965 1341 
331 965 964 1341 
332 224 744 1342 
333 744 1239 1342 
334 1239 224 1342 
335 769 288 1343 
336 288 937 1343 
337 937 769 1343 
338 676 993 1344 
339 993 994 1344 
340 994 676 1344 
341 666 995 1345 
342 995 1001 1345 
343 1001 666 1345 
344 1045 914 1346 
345 914 1055 1346 
346 1055 1045 1346 
347 221 759 1347 
348 759 1158 1347 
349 1158 221 1347 
350 673 1003 1348 
351 1003 1004 1348 
352 1004 673 1348 
353 249 771 1349 
354 771 773 1349 
355 773 249 1349 
356 713 960 1350 
357 960 961 1350 
358 961 713 1350 
359 670 951 1351 
360 951 952 1351 
361 952 670 1351 
362 837 284 1352 
363 284 838 1352 
364 838 837 1352 
365 703 900 1353 
366 900 1231 1353 
367 1231 703 1353 
368 907 230 1354 
369 230 1159 1354 
370 1159 907 1354 
371 980 248 1355 
372 248 1229 1355 
373 1229 980 1355 
374 895 697 1356 
375 697 1230 1356 
376 1230 895 1356 
377 859 702 1357 
378 702 950 1357 
379 950 859 1357 
380 1088 270 1358 
381 270 1167 1358 
382 1167 1088 1358 
383 241 142 1359 
384 142 804 1359 
385 804 241 1359 
386 1137 986 1360 
387 986 1181 1360 
388 1181 1137 1360 
389 257 748 1361 
390 748 1226 1361 
391 1226 257 1361 
392 225 31 1362 
393 31 863 1362 
394 863 225 1362 
395 275 941 1363 
396 941 1177 1363 
397 1177 275 1363 
398 258 1067 1364 
399 1067 1180 1364 
400 1180 258 1364 
401 977 247 1365 
402 247 1182 1365 
403 1182 977 1365 
404 225 843 1366 
405 843 1186 1366 
406 1186 225 1366 
407 241 938 1367 
408 938 1188 1367 
409 1188 241 1367 
410 821 295 1368 
411 295 826 1368 
412 826 821 1368 
413 256 758 1369 
414 758 1161 1369 
415 1161 256 1369 
416 701 868 1370 
417 868 1222 1370 
418 1222 701 1370 
419 891 270 1371 
420 270 1088 1371 
421 1088 891 1371 
422 159 247 1372 
423 247 803 1372 
424 803 159 1372 
425 255 776 1373 
426 776 778 1373 
427 778 255 1373 
428 234 767 1374 
429 767 1221 1374 
430 1221 234 1374 
431 699 964 1375 
432 964 966 1375 
433 966 699 1375 
434 753 271 1376 
435 271 1219 1376 
436 1219 753 1376 
437 250 762 1377 
438 762 998 1377 
439 998 250 1377 
440 258 194 1378 
441 194 802 1378 
442 802 258 1378 
443 747 239 1379 
444 239 1224 1379 
445 1224 747 1379 
446 275 83 1380 
447 83 801 1380 
448 801 275 1380 
449 865 227 1381 
450 227 1162 1381 
451 1162 865 1381 
452 761 272 1382 
453 272 1175 1382 
454 1175 761 1382 
455 920 223 1383 
456 223 1225 1383 
457 1225 920 1383 
458 986 1137 1384 
459 1137 1263 1384 
460 1263 986 1384 
461 715 1014 1385 
462 1014 1015 1385 
463 1015 715 1385 
464 763 222 1386 
465 222 934 1386 
466 934 763 1386 
467 718 940 1387 
468 940 1113 1387 
469 1113 718 1387 
470 238 780 1388 
471 780 782 1388 
472 782 238 1388 
473 35 36 1389 
474 36 865 1389 
475 865 35 1389 
476 759 221 1390 
477 221 1212 1390 
478 1212 759 1390 
479 235 764 1391 
480 764 844 1391 
481 844 235 1391 
482 960 713 1392 
483 713 962 1392 
484 962 960 1392 
485 867 682 1393 
486 682 1211 1393 
487 1211 867 1393 
488 232 929 1394 
489 929 930 1394 
490 930 232 1394 
491 249 773 1395 
492 773 1227 1395 
493 1227 249 1395 
494 230 907 1396 
495 907 1207 1396 
496 1207 230 1396 
497 1157 694 1397 
498 694 1248 1397 
499 1248 1157 1397 
500 178 253 1398 
501 253 799 1398 
502 799 178 1398 
503 715 1012 1399 
504 1012 1014 1399 
505 1014 715 1399 
506 961 373 1400 
507 373 1185 1400 
508 1185 961 1400 
509 1181 982 1401 
510 982 1191 1401 
511 1191 1181 1401 
512 770 940 1402 
513 940 1168 1402 
514 1168 770 1402 
515 391 851 1403 
516 851 1163 1403 
517 1163 391 1403 
518 206 207 1404 
519 207 824 1404 
520 824 206 1404 
521 769 937 1405 
522 937 1204 1405 
523 1204 769 1405 
524 373 961 1406 
525 961 1271 1406 
526 1271 373 1406 
527 198 199 1407 
528 199 966 1407 
529 966 198 1407 
530 758 256 1408 
531 256 1228 1408 
532 1228 758 1408 
533 252 775 1409 
534 775 1121 1409 
535 1121 252 1409 
536 1085 1016 1410 
537 1016 1114 1410 
538 1114 1085 1410 
539 142 143 1411 
540 143 804 1411 
541 804 142 1411 
542 31 32 1412 
543 32 863 1412 
544 863 31 1412 
545 266 824 1413 
546 824 1172 1413 
547 1172 266 1413 
548 750 751 1414 
549 751 1155 1414 
550 1155 750 1414 
551 670 952 1415 
552 952 953 1415 
553 953 670 1415 
554 676 994 1416 
555 994 1200 1416 
556 1200 676 1416 
557 158 159 1417 
558 159 803 1417 
559 803 158 1417 
560 859 950 1418 
561 950 1216 1418 
562 1216 859 1418 
563 837 838 1419 
564 838 1164 1419 
565 1164 837 1419 
566 15 230 1420 
567 230 932 1420 
568 932 15 1420 
569 276 785 1421 
570 785 787 1421 
571 787 276 1421 
572 295 821 1422 
573 821 1232 1422 
574 1232 295 1422 
575 1014 540 1423 
576 540 1015 1423 
577 1015 1014 1423 
578 995 666 1424 
579 666 1198 1424 
580 1198 995 1424 
581 941 275 1425 
582 275 1199 1425 
583 1199 941 1425 
584 194 195 1426 
585 195 802 1426 
586 802 194 1426 
587 126 236 1427 
588 236 797 1427 
589 797 126 1427 
590 83 84 1428 
591 84 801 1428 
592 801 83 1428 
593 1067 258 1429 
594 258 1196 1429 
595 1196 1067 1429 
596 1055 914 1430 
597 914 1197 1430 
598 1197 1055 1430 
599 938 743 1431 
600 743 1188 1431 
601 1188 938 1431 
602 843 746 1432 
603 746 1186 1432 
604 1186 843 1432 
605 246 792 1433 
606 792 1093 1433 
607 1093 246 1433 
608 247 977 1434 
609 977 1193 1434 
610 1193 247 1434 
611 237 130 1435 
612 130 795 1435 
613 795 237 1435 
614 673 1004 1436 
615 1004 1192 1436 
616 1192 673 1436 
617 177 178 1437 
618 178 799 1437 
619 799 177 1437 
620 965 1157 1438 
621 1157 1248 1438 
622 1248 965 1438 
623 272 761 1439 
624 761 1234 1439 
625 1234 272 1439 
626 979 977 1440 
627 977 1182 1440 
628 1182 979 1440 
629 221 19 1441 
630 19 794 1441 
631 794 221 1441 
632 951 670 1442 
633 670 1189 1442 
634 1189 951 1442 
635 843 225 1443 
636 225 1190 1443 
637 1190 843 1443 
638 255 778 1444 
639 778 1235 1444 
640 1235 255 1444 
641 226 789 1445 
642 789 862 1445 
643 862 226 1445 
644 1161 696 1446 
645 696 1166 1446 
646 1166 1161 1446 
647 1067 749 1447 
648 749 1180 1447 
649 1180 1067 1447 
650 14 15 1448 
651 15 932 1448 
652 932 14 1448 
653 125 126 1449 
654 126 797 1449 
655 797 125 1449 
656 938 241 1450 
657 241 1187 1450 
658 1187 938 1450 
659 1131 728 1451 
660 728 1258 1451 
661 1258 1131 1451 
662 851 391 1452 
663 391 1272 1452 
664 1272 851 1452 
665 941 752 1453 
666 752 1177 1453 
667 1177 941 1453 
668 793 242 1454 
669 242 924 1454 
670 924 793 1454 
671 931 1181 1455 
672 1181 1191 1455 
673 1191 931 1455 
674 130 131 1456 
675 131 795 1456 
676 795 130 1456 
677 959 957 1457 
678 957 1123 1457 
679 1123 959 1457 
680 19 20 1458 
681 20 794 1458 
682 794 19 1458 
683 1130 726 1459 
684 726 1257 1459 
685 1257 1130 1459 
686 170 171 1460 
687 171 796 1460 
688 796 170 1460 
689 182 183 1461 
690 183 798 1461 
691 798 182 1461 
692 71 72 1462 
693 72 800 1462 
694 800 71 1462 
695 284 837 1463 
696 837 1184 1463 
697 1184 284 1463 
698 819 283 1464 
699 283 821 1464 
700 821 819 1464 
701 189 190 1465 
702 190 806 1465 
703 806 189 1465 
704 163 164 1466 
705 164 809 1466 
706 809 163 1466 
707 754 1088 1467 
708 1088 1167 1467 
709 1167 754 1467 
710 171 251 1468 
711 251 796 1468 
712 796 171 1468 
713 724 1128 1469 
714 1128 1255 1469 
715 1255 724 1469 
716 762 250 1470 
717 250 1237 1470 
718 1237 762 1470 
719 723 1127 1471 
720 1127 1254 1471 
721 1254 723 1471 
722 17 1158 1472 
723 1158 1159 1472 
724 1159 17 1472 
725 69 1156 1473 
726 1156 1167 1473 
727 1167 69 1473 
728 1154 81 1474 
729 81 1177 1474 
730 1177 1154 1474 
731 1153 192 1475 
732 192 1180 1475 
733 1180 1153 1475 
734 161 1152 1476 
735 1152 1182 1476 
736 1182 161 1476 
737 1150 29 1477 
738 29 1186 1477 
739 1186 1150 1477 
740 1148 140 1478 
741 140 1188 1478 
742 1188 1148 1478 
743 232 930 1479 
744 930 931 1479 
745 931 232 1479 
746 1003 673 1480 
747 673 1178 1480 
748 1178 1003 1480 
749 760 907 1481 
750 907 1159 1481 
751 1159 760 1481 
752 241 804 1482 
753 804 1187 1482 
754 1187 241 1482 
755 784 259 1483 
756 259 1248 1483 
757 1248 784 1483 
758 984 985 1484 
759 985 1081 1484 
760 1081 984 1484 
761 254 182 1485 
762 182 798 1485 
763 798 254 1485 
764 914 1045 1486 
765 1045 1174 1486 
766 1174 914 1486 
767 759 760 1487 
768 760 1158 1487 
769 1158 759 1487 
770 267 888 1488 
771 888 1149 1488 
772 1149 267 1488 
773 1016 1085 1489 
774 1085 1276 1489 
775 1276 1016 1489 
776 666 1001 1490 
777 1001 1173 1490 
778 1173 666 1490 
779 225 863 1491 
780 863 1190 1491 
781 1190 225 1491 
782 283 819 1492 
783 819 822 1492 
784 822 283 1492 
785 271 71 1493 
786 71 800 1493 
787 800 271 1493 
788 993 676 1494 
789 676 1170 1494 
790 1170 993 1494 
791 222 763 1495 
792 763 1241 1495 
793 1241 222 1495 
794 901 722 1496 
795 722 1253 1496 
796 1253 901 1496 
797 919 920 1497 
798 920 1047 1497 
799 1047 919 1497 
800 496 1015 1498 
801 1015 1215 1498 
802 1215 496 1498 
803 964 198 1499 
804 198 966 1499 
805 966 964 1499 
806 199 263 1500 
807 263 966 1500 
808 966 199 1500 
809 753 754 1501 
810 754 1156 1501 
811 1156 753 1501 
812 721 747 1502 
813 747 1000 1502 
814 1000 721 1502 
815 238 782 1503 
816 782 1242 1503 
817 1242 238 1503 
818 767 768 1504 
819 768 992 1504 
820 992 767 1504 
821 752 750 1505 
822 750 1154 1505 
823 1154 752 1505 
824 1015 496 1506 
825 496 1274 1506 
826 1274 1015 1506 
827 749 748 1507 
828 748 1153 1507 
829 1153 749 1507 
830 980 979 1508 
831 979 1152 1508 
832 1152 980 1508 
833 764 235 1509 
834 235 1245 1509 
835 1245 764 1509 
836 242 805 1510 
837 805 924 1510 
838 924 242 1510 
839 746 744 1511 
840 744 1150 1511 
841 1150 746 1511 
842 743 742 1512 
843 742 1148 1512 
844 1148 743 1512 
845 884 522 1513 
846 522 1139 1513 
847 1139 884 1513 
848 803 247 1514 
849 247 1193 1514 
850 1193 803 1514 
851 789 226 1515 
852 226 864 1515 
853 864 789 1515 
854 1054 293 1516 
855 293 1146 1516 
856 1146 1054 1516 
857 929 232 1517 
858 232 1246 1517 
859 1246 929 1517 
860 290 1070 1518 
861 1070 1251 1518 
862 1251 290 1518 
863 953 256 1519 
864 256 1161 1519 
865 1161 953 1519 
866 288 769 1520 
867 769 1168 1520 
868 1168 288 1520 
869 740 741 1521 
870 741 1141 1521 
871 1141 740 1521 
872 808 246 1522 
873 246 1093 1522 
874 1093 808 1522 
875 739 722 1523 
876 722 901 1523 
877 901 739 1523 
878 992 768 1524 
879 768 1249 1524 
880 1249 992 1524 
881 791 280 1525 
882 280 1250 1525 
883 1250 791 1525 
884 738 737 1526 
885 737 1138 1526 
886 1138 738 1526 
887 713 961 1527 
888 961 1185 1527 
889 1185 713 1527 
890 736 735 1528 
891 735 1136 1528 
892 1136 736 1528 
893 190 257 1529 
894 257 806 1529 
895 806 190 1529 
896 958 962 1530 
897 962 963 1530 
898 963 958 1530 
899 733 734 1531 
900 734 1135 1531 
901 1135 733 1531 
902 731 732 1532 
903 732 1134 1532 
904 1134 731 1532 
905 729 728 1533 
906 728 1131 1533 
907 1131 729 1533 
908 727 726 1534 
909 726 1130 1534 
910 1130 727 1534 
911 721 1000 1535 
912 1000 1244 1535 
913 1244 721 1535 
914 724 725 1536 
915 725 1128 1536 
916 1128 724 1536 
917 723 730 1537 
918 730 1127 1537 
919 1127 723 1537 
920 919 1047 1538 
921 1047 1239 1538 
922 1239 919 1538 
923 272 871 1539 
924 871 1175 1539 
925 1175 272 1539 
926 965 699 1540 
927 699 1157 1540 
928 1157 965 1540 
929 258 802 1541 
930 802 1196 1541 
931 1196 258 1541 
932 826 295 1542 
933 295 1145 1542 
934 1145 826 1542 
935 228 1131 1543 
936 1131 1258 1543 
937 1258 228 1543 
938 953 1161 1544 
939 1161 1166 1544 
940 1166 953 1544 
941 262 790 1545 
942 790 1231 1545 
943 1231 262 1545 
944 248 163 1546 
945 163 809 1546 
946 809 248 1546 
947 275 801 1547 
948 801 1199 1547 
949 1199 275 1547 
950 1015 540 1548 
951 540 1215 1548 
952 1215 1015 1548 
953 244 1130 1549 
954 1130 1257 1549 
955 1257 244 1549 
956 790 262 1550 
957 262 1230 1550 
958 1230 790 1550 
959 959 1123 1551 
960 1123 1279 1551 
961 1279 959 1551 
962 682 866 1552 
963 866 1169 1552 
964 1169 682 1552 
965 702 859 1553 
966 859 1179 1553 
967 1179 702 1553 
968 1128 268 1554 
969 268 1255 1554 
970 1255 1128 1554 
971 775 252 1555 
972 252 1247 1555 
973 1247 775 1555 
974 1151 757 1556 
975 757 1269 1556 
976 1269 1151 1556 
977 1127 278 1557 
978 278 1254 1557 
979 1254 1127 1557 
980 294 1151 1558 
981 1151 1269 1558 
982 1269 294 1558 
983 280 791 1559 
984 791 1222 1559 
985 1222 280 1559 
986 931 1137 1560 
987 1137 1181 1560 
988 1181 931 1560 
989 1158 760 1561 
990 760 1159 1561 
991 1159 1158 1561 
992 1156 754 1562 
993 754 1167 1562 
994 1167 1156 1562 
995 752 1154 1563 
996 1154 1177 1563 
997 1177 752 1563 
998 749 1153 1564 
999 1153 1180 1564 
1000 1180 749 1564 
1001 1152 979 1565 
1002 979 1182 1565 
1003 1182 1152 1565 
1004 746 1150 1566 
1005 1150 1186 1566 
1006 1186 746 1566 
1007 743 1148 1567 
1008 1148 1188 1567 
1009 1188 743 1567 
1010 1081 985 1568 
1011 985 1283 1568 
1012 1283 1081 1568 
1013 309 987 1569 
1014 987 1006 1569 
1015 1006 309 1569 
1016 259 965 1570 
1017 965 1248 1570 
1018 1248 259 1570 
1019 877 531 1571 
1020 531 1129 1571 
1021 1129 877 1571 
1022 296 1147 1572 
1023 1147 1164 1572 
1024 1164 296 1572 
1025 265 901 1573 
1026 901 1253 1573 
1027 1253 265 1573 
1028 785 276 1574 
1029 276 1211 1574 
1030 1211 785 1574 
1031 522 884 1575 
1032 884 1290 1575 
1033 1290 522 1575 
1034 958 960 1576 
1035 960 962 1576 
1036 962 958 1576 
1037 962 253 1577 
1038 253 963 1577 
1039 963 962 1577 
1040 1026 892 1578 
1041 892 1195 1578 
1042 1195 1026 1578 
1043 852 387 1579 
1044 387 1017 1579 
1045 1017 852 1579 
1046 276 787 1580 
1047 787 1243 1580 
1048 1243 276 1580 
1049 765 234 1581 
1050 234 1170 1581 
1051 1170 765 1581 
1052 869 701 1582 
1053 701 1171 1582 
1054 1171 869 1582 
1055 252 1121 1583 
1056 1121 1204 1583 
1057 1204 252 1583 
1058 819 820 1584 
1059 820 822 1584 
1060 822 819 1584 
1061 239 946 1585 
1062 946 1173 1585 
1063 1173 239 1585 
1064 223 921 1586 
1065 921 1174 1586 
1066 1174 223 1586 
1067 259 784 1587 
1068 784 1240 1587 
1069 1240 259 1587 
1070 697 894 1588 
1071 894 1176 1588 
1072 1176 697 1588 
1073 771 249 1589 
1074 249 1178 1589 
1075 1178 771 1589 
1076 899 703 1590 
1077 703 1179 1590 
1078 1179 899 1590 
1079 235 844 1591 
1080 844 1200 1591 
1081 1200 235 1591 
1082 780 238 1592 
1083 238 1198 1592 
1084 1198 780 1592 
1085 229 1140 1593 
1086 1140 1298 1593 
1087 1298 229 1593 
1088 934 222 1594 
1089 222 1197 1594 
1090 1197 934 1594 
1091 959 541 1595 
1092 541 960 1595 
1093 960 959 1595 
1094 1010 1122 1596 
1095 1122 1183 1596 
1096 1183 1010 1596 
1097 704 897 1597 
1098 897 1184 1597 
1099 1184 704 1597 
1100 250 998 1598 
1101 998 1192 1598 
1102 1192 250 1598 
1103 776 255 1599 
1104 255 1189 1599 
1105 1189 776 1599 
1106 892 1026 1600 
1107 1026 1289 1600 
1108 1289 892 1600 
1109 540 1014 1601 
1110 1014 1016 1601 
1111 1016 540 1601 
1112 822 820 1602 
1113 820 823 1602 
1114 823 822 1602 
1115 809 164 1603 
1116 164 1227 1603 
1117 1227 809 1603 
1118 1140 949 1604 
1119 949 1298 1604 
1120 1298 1140 1604 
1121 792 246 1605 
1122 246 1238 1605 
1123 1238 792 1605 
1124 642 852 1606 
1125 852 1017 1606 
1126 1017 642 1606 
1127 1070 290 1607 
1128 290 1260 1607 
1129 1260 1070 1607 
1130 1048 391 1608 
1131 391 1163 1608 
1132 1163 1048 1608 
1133 1028 525 1609 
1134 525 1142 1609 
1135 1142 1028 1609 
1136 1042 290 1610 
1137 290 1251 1610 
1138 1251 1042 1610 
1139 615 789 1611 
1140 789 864 1611 
1141 864 615 1611 
1142 678 615 1612 
1143 615 864 1612 
1144 864 678 1612 
1145 233 992 1613 
1146 992 1249 1613 
1147 1249 233 1613 
1148 280 898 1614 
1149 898 1250 1614 
1150 1250 280 1614 
1151 799 253 1615 
1152 253 1223 1615 
1153 1223 799 1615 
1154 189 806 1616 
1155 806 1228 1616 
1156 1228 189 1616 
1157 545 857 1617 
1158 857 1216 1617 
1159 1216 545 1617 
1160 932 230 1618 
1161 230 1207 1618 
1162 1207 932 1618 
1163 226 862 1619 
1164 862 1236 1619 
1165 1236 226 1619 
1166 1000 240 1620 
1167 240 1244 1620 
1168 1244 1000 1620 
1169 242 793 1621 
1170 793 1233 1621 
1171 1233 242 1621 
1172 1164 1147 1622 
1173 1147 1292 1622 
1174 1292 1164 1622 
1175 987 309 1623 
1176 309 1133 1623 
1177 1133 987 1623 
1178 1047 224 1624 
1179 224 1239 1624 
1180 1239 1047 1624 
1181 678 864 1625 
1182 864 865 1625 
1183 865 678 1625 
1184 960 541 1626 
1185 541 961 1626 
1186 961 960 1626 
1187 931 930 1627 
1188 930 1137 1627 
1189 1137 931 1627 
1190 823 820 1628 
1191 820 825 1628 
1192 825 823 1628 
1193 822 823 1629 
1194 823 824 1629 
1195 824 822 1629 
1196 857 545 1630 
1197 545 1287 1630 
1198 1287 857 1630 
1199 1006 987 1631 
1200 987 1263 1631 
1201 1263 1006 1631 
1202 821 283 1632 
1203 283 1232 1632 
1204 1232 821 1632 
1205 900 262 1633 
1206 262 1231 1633 
1207 1231 900 1633 
1208 307 825 1634 
1209 825 1124 1634 
1210 1124 307 1634 
1211 825 820 1635 
1212 820 1124 1635 
1213 1124 825 1635 
1214 221 794 1636 
1215 794 1212 1636 
1216 1212 221 1636 
1217 1028 1142 1637 
1218 1142 1286 1637 
1219 1286 1028 1637 
1220 797 236 1638 
1221 236 1218 1638 
1222 1218 797 1638 
1223 262 895 1639 
1224 895 1230 1639 
1225 1230 262 1639 
1226 825 307 1640 
1227 307 1125 1640 
1228 1125 825 1640 
1229 1022 1165 1641 
1230 1165 1294 1641 
1231 1294 1022 1641 
1232 826 291 1642 
1233 291 827 1642 
1234 827 826 1642 
1235 818 826 1643 
1236 826 827 1643 
1237 827 818 1643 
1238 827 291 1644 
1239 291 1108 1644 
1240 1108 827 1644 
1241 814 816 1645 
1242 816 827 1645 
1243 827 814 1645 
1244 814 827 1646 
1245 827 1108 1646 
1246 1108 814 1646 
1247 811 281 1647 
1248 281 813 1647 
1249 813 811 1647 
1250 816 818 1648 
1251 818 827 1648 
1252 827 816 1648 
1253 281 811 1649 
1254 811 814 1649 
1255 814 281 1649 
1256 301 303 1650 
1257 303 815 1650 
1258 815 301 1650 
1259 814 815 1651 
1260 815 816 1651 
1261 816 814 1651 
1262 303 526 1652 
1263 526 815 1652 
1264 815 303 1652 
1265 811 301 1653 
1266 301 815 1653 
1267 815 811 1653 
1268 299 811 1654 
1269 811 813 1654 
1270 813 299 1654 
1271 216 217 1655 
1272 217 813 1655 
1273 813 216 1655 
1274 281 216 1656 
1275 216 813 1656 
1276 813 281 1656 
1277 281 814 1657 
1278 814 1108 1657 
1279 1108 281 1657 
1280 285 299 1658 
1281 299 813 1658 
1282 813 285 1658 
1283 285 218 1659 
1284 218 297 1659 
1285 297 285 1659 
1286 49 261 1660 
1287 261 858 1660 
1288 858 49 1660 
1289 285 297 1661 
1290 297 298 1661 
1291 298 285 1661 
1292 829 559 1662 
1293 559 1117 1662 
1294 1117 829 1662 
1295 108 109 1663 
1296 109 839 1663 
1297 839 108 1663 
1298 828 559 1664 
1299 559 829 1664 
1300 829 828 1664 
1301 63 885 1665 
1302 885 887 1665 
1303 887 63 1665 
1304 858 261 1666 
1305 261 859 1666 
1306 859 858 1666 
1307 885 886 1667 
1308 886 887 1667 
1309 887 885 1667 
1310 856 858 1668 
1311 858 859 1668 
1312 859 856 1668 
1313 879 878 1669 
1314 878 902 1669 
1315 902 879 1669 
1316 286 110 1670 
1317 110 812 1670 
1318 812 286 1670 
1319 282 108 1671 
1320 108 839 1671 
1321 839 282 1671 
1322 267 887 1672 
1323 887 888 1672 
1324 888 267 1672 
1325 705 835 1673 
1326 835 840 1673 
1327 840 705 1673 
1328 878 78 1674 
1329 78 902 1674 
1330 902 878 1674 
1331 48 49 1675 
1332 49 858 1675 
1333 858 48 1675 
1334 814 811 1676 
1335 811 815 1676 
1336 815 814 1676 
1337 882 890 1677 
1338 890 891 1677 
1339 891 882 1677 
1340 219 293 1678 
1341 293 297 1678 
1342 297 219 1678 
1343 559 828 1679 
1344 828 945 1679 
1345 945 559 1679 
1346 882 891 1680 
1347 891 892 1680 
1348 892 882 1680 
1349 217 285 1681 
1350 285 813 1681 
1351 813 217 1681 
1352 882 880 1682 
1353 880 890 1682 
1354 890 882 1682 
1355 872 874 1683 
1356 874 875 1683 
1357 875 872 1683 
1358 52 262 1684 
1359 262 900 1684 
1360 900 52 1684 
1361 880 66 1685 
1362 66 890 1685 
1363 890 880 1685 
1364 815 526 1686 
1365 526 816 1686 
1366 816 815 1686 
1367 887 886 1687 
1368 886 888 1687 
1369 888 887 1687 
1370 870 75 1688 
1371 75 874 1688 
1372 874 870 1688 
1373 217 218 1689 
1374 218 285 1689 
1375 285 217 1689 
1376 872 870 1690 
1377 870 874 1690 
1378 874 872 1690 
1379 219 220 1691 
1380 220 293 1691 
1381 293 219 1691 
1382 512 945 1692 
1383 945 1076 1692 
1384 1076 512 1692 
1385 835 705 1693 
1386 705 837 1693 
1387 837 835 1693 
1388 298 297 1694 
1389 297 1054 1694 
1390 1054 298 1694 
1391 855 48 1695 
1392 48 858 1695 
1393 858 855 1695 
1394 607 842 1696 
1395 842 923 1696 
1396 923 607 1696 
1397 833 831 1697 
1398 831 834 1697 
1399 834 833 1697 
1400 88 277 1698 
1401 277 866 1698 
1402 866 88 1698 
1403 915 652 1699 
1404 652 934 1699 
1405 934 915 1699 
1406 54 894 1700 
1407 894 895 1700 
1408 895 54 1700 
1409 716 581 1701 
1410 581 841 1701 
1411 841 716 1701 
1412 97 280 1702 
1413 280 868 1702 
1414 868 97 1702 
1415 47 48 1703 
1416 48 855 1703 
1417 855 47 1703 
1418 100 284 1704 
1419 284 897 1704 
1420 897 100 1704 
1421 745 918 1705 
1422 918 919 1705 
1423 919 745 1705 
1424 945 828 1706 
1425 828 1076 1706 
1426 1076 945 1706 
1427 111 294 1707 
1428 294 812 1707 
1429 812 111 1707 
1430 830 831 1708 
1431 831 833 1708 
1432 833 830 1708 
1433 850 846 1709 
1434 846 853 1709 
1435 853 850 1709 
1436 55 264 1710 
1437 264 894 1710 
1438 894 55 1710 
1439 279 95 1711 
1440 95 869 1711 
1441 869 279 1711 
1442 102 296 1712 
1443 296 838 1712 
1444 838 102 1712 
1445 299 301 1713 
1446 301 811 1713 
1447 811 299 1713 
1448 680 731 1714 
1449 731 860 1714 
1450 860 680 1714 
1451 842 607 1715 
1452 607 1030 1715 
1453 1030 842 1715 
1454 893 613 1716 
1455 613 942 1716 
1456 942 893 1716 
1457 843 706 1717 
1458 706 954 1717 
1459 954 843 1717 
1460 829 1117 1718 
1461 1117 1122 1718 
1462 1122 829 1718 
1463 523 524 1719 
1464 524 830 1719 
1465 830 523 1719 
1466 846 845 1720 
1467 845 853 1720 
1468 853 846 1720 
1469 841 581 1721 
1470 581 896 1721 
1471 896 841 1721 
1472 930 928 1722 
1473 928 975 1722 
1474 975 930 1722 
1475 830 524 1723 
1476 524 831 1723 
1477 831 830 1723 
1478 109 110 1724 
1479 110 286 1724 
1480 286 109 1724 
1481 111 112 1725 
1482 112 294 1725 
1483 294 111 1725 
1484 912 911 1726 
1485 911 935 1726 
1486 935 912 1726 
1487 218 219 1727 
1488 219 297 1727 
1489 297 218 1727 
1490 109 286 1728 
1491 286 839 1728 
1492 839 109 1728 
1493 63 64 1729 
1494 64 885 1729 
1495 885 63 1729 
1496 621 707 1730 
1497 707 861 1730 
1498 861 621 1730 
1499 680 860 1731 
1500 860 904 1731 
1501 904 680 1731 
1502 928 384 1732 
1503 384 975 1732 
1504 975 928 1732 
1505 652 915 1733 
1506 915 935 1733 
1507 935 652 1733 
1508 297 293 1734 
1509 293 1054 1734 
1510 1054 297 1734 
1511 287 845 1735 
1512 845 846 1735 
1513 846 287 1735 
1514 706 620 1736 
1515 620 954 1736 
1516 954 706 1736 
1517 619 705 1737 
1518 705 840 1737 
1519 840 619 1737 
1520 910 512 1738 
1521 512 1076 1738 
1522 1076 910 1738 
1523 658 298 1739 
1524 298 1054 1739 
1525 1054 658 1739 
1526 918 745 1740 
1527 745 936 1740 
1528 936 918 1740 
1529 77 78 1741 
1530 78 878 1741 
1531 878 77 1741 
1532 276 86 1742 
1533 86 867 1742 
1534 867 276 1742 
1535 280 98 1743 
1536 98 898 1743 
1537 898 280 1743 
1538 607 371 1744 
1539 371 1030 1744 
1540 1030 607 1744 
1541 45 46 1745 
1542 46 845 1745 
1543 845 45 1745 
1544 79 274 1746 
1545 274 902 1746 
1546 902 79 1746 
1547 285 298 1747 
1548 298 299 1747 
1549 299 285 1747 
1550 861 707 1748 
1551 707 862 1748 
1552 862 861 1748 
1553 287 45 1749 
1554 45 845 1749 
1555 845 287 1749 
1556 592 351 1750 
1557 351 936 1750 
1558 936 592 1750 
1559 613 893 1751 
1560 893 943 1751 
1561 943 613 1751 
1562 384 926 1752 
1563 926 933 1752 
1564 933 384 1752 
1565 272 74 1753 
1566 74 870 1753 
1567 870 272 1753 
1568 789 861 1754 
1569 861 862 1754 
1570 862 789 1754 
1571 260 47 1755 
1572 47 855 1755 
1573 855 260 1755 
1574 269 65 1756 
1575 65 880 1756 
1576 880 269 1756 
1577 621 861 1757 
1578 861 947 1757 
1579 947 621 1757 
1580 1080 556 1758 
1581 556 1116 1758 
1582 1116 1080 1758 
1583 835 831 1759 
1584 831 840 1759 
1585 840 835 1759 
1586 261 50 1760 
1587 50 899 1760 
1588 899 261 1760 
1589 67 270 1761 
1590 270 890 1761 
1591 890 67 1761 
1592 210 211 1762 
1593 211 295 1762 
1594 295 210 1762 
1595 284 101 1763 
1596 101 838 1763 
1597 838 284 1763 
1598 899 51 1764 
1599 51 900 1764 
1600 900 899 1764 
1601 46 260 1765 
1602 260 845 1765 
1603 845 46 1765 
1604 262 53 1766 
1605 53 895 1766 
1606 895 262 1766 
1607 267 62 1767 
1608 62 887 1767 
1609 887 267 1767 
1610 265 59 1768 
1611 59 901 1768 
1612 901 265 1768 
1613 76 273 1769 
1614 273 874 1769 
1615 874 76 1769 
1616 110 111 1770 
1617 111 812 1770 
1618 812 110 1770 
1619 926 384 1771 
1620 384 928 1771 
1621 928 926 1771 
1622 818 821 1772 
1623 821 826 1772 
1624 826 818 1772 
1625 588 379 1773 
1626 379 904 1773 
1627 904 588 1773 
1628 920 917 1774 
1629 917 921 1774 
1630 921 920 1774 
1631 915 912 1775 
1632 912 935 1775 
1633 935 915 1775 
1634 287 846 1776 
1635 846 847 1776 
1636 847 287 1776 
1637 413 543 1777 
1638 543 981 1777 
1639 981 413 1777 
1640 99 897 1778 
1641 897 898 1778 
1642 898 99 1778 
1643 906 550 1779 
1644 550 1084 1779 
1645 1084 906 1779 
1646 614 613 1780 
1647 613 943 1780 
1648 943 614 1780 
1649 639 999 1781 
1650 999 1102 1781 
1651 1102 639 1781 
1652 911 337 1782 
1653 337 935 1782 
1654 935 911 1782 
1655 96 868 1783 
1656 868 869 1783 
1657 869 96 1783 
1658 299 300 1784 
1659 300 301 1784 
1660 301 299 1784 
1661 87 88 1785 
1662 88 866 1785 
1663 866 87 1785 
1664 100 101 1786 
1665 101 284 1786 
1666 284 100 1786 
1667 299 298 1787 
1668 298 300 1787 
1669 300 299 1787 
1670 54 55 1788 
1671 55 894 1788 
1672 894 54 1788 
1673 61 62 1789 
1674 62 267 1789 
1675 267 61 1789 
1676 67 68 1790 
1677 68 270 1790 
1678 270 67 1790 
1679 70 71 1791 
1680 71 271 1791 
1681 271 70 1791 
1682 73 74 1792 
1683 74 272 1792 
1684 272 73 1792 
1685 64 65 1793 
1686 65 269 1793 
1687 269 64 1793 
1688 87 866 1794 
1689 866 867 1794 
1690 867 87 1794 
1691 58 59 1795 
1692 59 265 1795 
1693 265 58 1795 
1694 55 56 1796 
1695 56 264 1796 
1696 264 55 1796 
1697 76 77 1797 
1698 77 273 1797 
1699 273 76 1797 
1700 79 80 1798 
1701 80 274 1798 
1702 274 79 1798 
1703 82 83 1799 
1704 83 275 1799 
1705 275 82 1799 
1706 85 86 1800 
1707 86 276 1800 
1708 276 85 1800 
1709 96 97 1801 
1710 97 868 1801 
1711 868 96 1801 
1712 102 103 1802 
1713 103 296 1802 
1714 296 102 1802 
1715 272 870 1803 
1716 870 871 1803 
1717 871 272 1803 
1718 46 47 1804 
1719 47 260 1804 
1720 260 46 1804 
1721 49 50 1805 
1722 50 261 1805 
1723 261 49 1805 
1724 52 53 1806 
1725 53 262 1806 
1726 262 52 1806 
1727 91 92 1807 
1728 92 278 1807 
1729 278 91 1807 
1730 94 95 1808 
1731 95 279 1808 
1732 279 94 1808 
1733 97 98 1809 
1734 98 280 1809 
1735 280 97 1809 
1736 88 89 1810 
1737 89 277 1810 
1738 277 88 1810 
1739 99 100 1811 
1740 100 897 1811 
1741 897 99 1811 
1742 845 260 1812 
1743 260 853 1812 
1744 853 845 1812 
1745 653 693 1813 
1746 693 844 1813 
1747 844 653 1813 
1748 51 52 1814 
1749 52 900 1814 
1750 900 51 1814 
1751 44 45 1815 
1752 45 287 1815 
1753 287 44 1815 
1754 62 63 1816 
1755 63 887 1816 
1756 887 62 1816 
1757 543 978 1817 
1758 978 981 1817 
1759 981 543 1817 
1760 745 592 1818 
1761 592 936 1818 
1762 936 745 1818 
1763 269 880 1819 
1764 880 881 1819 
1765 881 269 1819 
1766 874 273 1820 
1767 273 875 1820 
1768 875 874 1820 
1769 681 893 1821 
1770 893 942 1821 
1771 942 681 1821 
1772 683 972 1822 
1773 972 989 1822 
1774 989 683 1822 
1775 679 841 1823 
1776 841 896 1823 
1777 896 679 1823 
1778 43 44 1824 
1779 44 1023 1824 
1780 1023 43 1824 
1781 890 270 1825 
1782 270 891 1825 
1783 891 890 1825 
1784 517 515 1826 
1785 515 990 1826 
1786 990 517 1826 
1787 253 179 1827 
1788 179 963 1827 
1789 963 253 1827 
1790 633 508 1828 
1791 508 1092 1828 
1792 1092 633 1828 
1793 509 512 1829 
1794 512 910 1829 
1795 910 509 1829 
1796 730 614 1830 
1797 614 943 1830 
1798 943 730 1830 
1799 860 588 1831 
1800 588 904 1831 
1801 904 860 1831 
1802 566 657 1832 
1803 657 1008 1832 
1804 1008 566 1832 
1805 64 269 1833 
1806 269 885 1833 
1807 885 64 1833 
1808 611 832 1834 
1809 832 1111 1834 
1810 1111 611 1834 
1811 324 539 1835 
1812 539 903 1835 
1813 903 324 1835 
1814 331 329 1836 
1815 329 896 1836 
1816 896 331 1836 
1817 352 544 1837 
1818 544 909 1837 
1819 909 352 1837 
1820 507 509 1838 
1821 509 910 1838 
1822 910 507 1838 
1823 1084 550 1839 
1824 550 1085 1839 
1825 1085 1084 1839 
1826 326 324 1840 
1827 324 903 1840 
1828 903 326 1840 
1829 917 916 1841 
1830 916 921 1841 
1831 921 917 1841 
1832 66 67 1842 
1833 67 890 1842 
1834 890 66 1842 
1835 679 896 1843 
1836 896 903 1843 
1837 903 679 1843 
1838 53 54 1844 
1839 54 895 1844 
1840 895 53 1844 
1841 556 413 1845 
1842 413 981 1845 
1843 981 556 1845 
1844 657 924 1846 
1845 924 1008 1846 
1846 1008 657 1846 
1847 488 550 1847 
1848 550 906 1847 
1849 906 488 1847 
1850 379 377 1848 
1851 377 904 1848 
1852 904 379 1848 
1853 65 66 1849 
1854 66 880 1849 
1855 880 65 1849 
1856 726 686 1850 
1857 686 1106 1850 
1858 1106 726 1850 
1859 229 43 1851 
1860 43 1023 1851 
1861 1023 229 1851 
1862 208 209 1852 
1863 209 283 1852 
1864 283 208 1852 
1865 337 334 1853 
1866 334 991 1853 
1867 991 337 1853 
1868 832 830 1854 
1869 830 833 1854 
1870 833 832 1854 
1871 273 77 1855 
1872 77 878 1855 
1873 878 273 1855 
1874 581 331 1856 
1875 331 896 1856 
1876 896 581 1856 
1877 613 494 1857 
1878 494 942 1857 
1879 942 613 1857 
1880 693 1082 1858 
1881 1082 1104 1858 
1882 1104 693 1858 
1883 888 886 1859 
1884 886 889 1859 
1885 889 888 1859 
1886 329 326 1860 
1887 326 903 1860 
1888 903 329 1860 
1889 904 377 1861 
1890 377 955 1861 
1891 955 904 1861 
1892 351 349 1862 
1893 349 936 1862 
1894 936 351 1862 
1895 390 393 1863 
1896 393 970 1863 
1897 970 390 1863 
1898 534 913 1864 
1899 913 916 1864 
1900 916 534 1864 
1901 453 451 1865 
1902 451 1095 1865 
1903 1095 453 1865 
1904 620 909 1866 
1905 909 954 1866 
1906 954 620 1866 
1907 916 913 1867 
1908 913 921 1867 
1909 921 916 1867 
1910 75 76 1868 
1911 76 874 1868 
1912 874 75 1868 
1913 50 51 1869 
1914 51 899 1869 
1915 899 50 1869 
1916 1013 1011 1870 
1917 1011 1056 1870 
1918 1056 1013 1870 
1919 952 256 1871 
1920 256 953 1871 
1921 953 952 1871 
1922 303 305 1872 
1923 305 526 1872 
1924 526 303 1872 
1925 74 75 1873 
1926 75 870 1873 
1927 870 74 1873 
1928 862 707 1874 
1929 707 863 1874 
1930 863 862 1874 
1931 101 102 1875 
1932 102 838 1875 
1933 838 101 1875 
1934 657 793 1876 
1935 793 924 1876 
1936 924 657 1876 
1937 665 1009 1877 
1938 1009 1083 1877 
1939 1083 665 1877 
1940 316 384 1878 
1941 384 933 1878 
1942 933 316 1878 
1943 896 329 1879 
1944 329 903 1879 
1945 903 896 1879 
1946 377 374 1880 
1947 374 955 1880 
1948 955 377 1880 
1949 187 256 1881 
1950 256 952 1881 
1951 952 187 1881 
1952 576 458 1882 
1953 458 1061 1882 
1954 1061 576 1882 
1955 734 640 1883 
1956 640 1022 1883 
1957 1022 734 1883 
1958 693 561 1884 
1959 561 1082 1884 
1960 1082 693 1884 
1961 354 352 1885 
1962 352 909 1885 
1963 909 354 1885 
1964 371 369 1886 
1965 369 1030 1886 
1966 1030 371 1886 
1967 318 316 1887 
1968 316 933 1887 
1969 933 318 1887 
1970 78 79 1888 
1971 79 902 1888 
1972 902 78 1888 
1973 338 337 1889 
1974 337 911 1889 
1975 911 338 1889 
1976 619 840 1890 
1977 840 990 1890 
1978 990 619 1890 
1979 543 976 1891 
1980 976 978 1891 
1981 978 543 1891 
1982 359 621 1892 
1983 621 947 1892 
1984 947 359 1892 
1985 95 96 1893 
1986 96 869 1893 
1987 869 95 1893 
1988 570 507 1894 
1989 507 910 1894 
1990 910 570 1894 
1991 288 174 1895 
1992 174 937 1895 
1993 937 288 1895 
1994 593 363 1896 
1995 363 947 1896 
1996 947 593 1896 
1997 861 593 1897 
1998 593 947 1897 
1999 947 861 1897 
2000 999 700 1898 
2001 700 1102 1898 
2002 1102 999 1898 
2003 179 180 1899 
2004 180 963 1899 
2005 963 179 1899 
2006 651 763 1900 
2007 763 934 1900 
2008 934 651 1900 
2009 323 321 1901 
2010 321 925 1901 
2011 925 323 1901 
2012 610 727 1902 
2013 727 905 1902 
2014 905 610 1902 
2015 59 60 1903 
2016 60 901 1903 
2017 901 59 1903 
2018 641 588 1904 
2019 588 728 1904 
2020 728 641 1904 
2021 446 538 1905 
2022 538 1005 1905 
2023 1005 446 1905 
2024 173 288 1906 
2025 288 939 1906 
2026 939 173 1906 
2027 548 379 1907 
2028 379 588 1907 
2029 588 548 1907 
2030 487 521 1908 
2031 521 1034 1908 
2032 1034 487 1908 
2033 349 346 1909 
2034 346 968 1909 
2035 968 349 1909 
2036 679 600 1910 
2037 600 759 1910 
2038 759 679 1910 
2039 972 603 1911 
2040 603 989 1911 
2041 989 972 1911 
2042 448 446 1912 
2043 446 1005 1912 
2044 1005 448 1912 
2045 1057 669 1913 
2046 669 1073 1913 
2047 1073 1057 1913 
2048 343 534 1914 
2049 534 916 1914 
2050 916 343 1914 
2051 524 517 1915 
2052 517 990 1915 
2053 990 524 1915 
2054 389 390 1916 
2055 390 970 1916 
2056 970 389 1916 
2057 15 16 1917 
2058 16 230 1917 
2059 230 15 1917 
2060 301 300 1918 
2061 300 302 1918 
2062 302 301 1918 
2063 847 848 1919 
2064 848 849 1919 
2065 849 847 1919 
2066 556 981 1920 
2067 981 1116 1920 
2068 1116 556 1920 
2069 1100 1007 1921 
2070 1007 1112 1921 
2071 1112 1100 1921 
2072 590 502 1922 
2073 502 1090 1922 
2074 1090 590 1922 
2075 946 690 1923 
2076 690 1043 1923 
2077 1043 946 1923 
2078 956 254 1924 
2079 254 957 1924 
2080 957 956 1924 
2081 539 679 1925 
2082 679 903 1925 
2083 903 539 1925 
2084 548 588 1926 
2085 588 641 1926 
2086 641 548 1926 
2087 612 611 1927 
2088 611 1111 1927 
2089 1111 612 1927 
2090 601 445 1928 
2091 445 1026 1928 
2092 1026 601 1928 
2093 641 728 1929 
2094 728 729 1929 
2095 729 641 1929 
2096 759 600 1930 
2097 600 760 1930 
2098 760 759 1930 
2099 369 366 1931 
2100 366 967 1931 
2101 967 369 1931 
2102 445 443 1932 
2103 443 1026 1932 
2104 1026 445 1932 
2105 640 688 1933 
2106 688 1022 1933 
2107 1022 640 1933 
2108 651 581 1934 
2109 581 716 1934 
2110 716 651 1934 
2111 651 716 1935 
2112 716 763 1935 
2113 763 651 1935 
2114 523 517 1936 
2115 517 524 1936 
2116 524 523 1936 
2117 560 581 1937 
2118 581 651 1937 
2119 651 560 1937 
2120 935 337 1938 
2121 337 991 1938 
2122 991 935 1938 
2123 763 716 1939 
2124 716 794 1939 
2125 794 763 1939 
2126 430 433 1940 
2127 433 1035 1940 
2128 1035 430 1940 
2129 976 543 1941 
2130 543 1033 1941 
2131 1033 976 1941 
2132 683 697 1942 
2133 697 972 1942 
2134 972 683 1942 
2135 834 831 1943 
2136 831 835 1943 
2137 835 834 1943 
2138 324 323 1944 
2139 323 539 1944 
2140 539 324 1944 
2141 936 349 1945 
2142 349 968 1945 
2143 968 936 1945 
2144 731 608 1946 
2145 608 732 1946 
2146 732 731 1946 
2147 611 523 1947 
2148 523 830 1947 
2149 830 611 1947 
2150 576 1061 1948 
2151 1061 1063 1948 
2152 1063 576 1948 
2153 656 1046 1949 
2154 1046 1093 1949 
2155 1093 656 1949 
2156 913 912 1950 
2157 912 914 1950 
2158 914 913 1950 
2159 560 331 1951 
2160 331 581 1951 
2161 581 560 1951 
2162 516 559 1952 
2163 559 945 1952 
2164 945 516 1952 
2165 1043 690 1953 
2166 690 1094 1953 
2167 1094 1043 1953 
2168 686 530 1954 
2169 530 1049 1954 
2170 1049 686 1954 
2171 539 600 1955 
2172 600 679 1955 
2173 679 539 1955 
2174 615 593 1956 
2175 593 789 1956 
2176 789 615 1956 
2177 439 1039 1957 
2178 1039 1049 1957 
2179 1049 439 1957 
2180 621 620 1958 
2181 620 706 1958 
2182 706 621 1958 
2183 621 706 1959 
2184 706 707 1959 
2185 707 621 1959 
2186 617 592 1960 
2187 592 744 1960 
2188 744 617 1960 
2189 847 846 1961 
2190 846 848 1961 
2191 848 847 1961 
2192 528 916 1962 
2193 916 917 1962 
2194 917 528 1962 
2195 419 421 1963 
2196 421 944 1963 
2197 944 419 1963 
2198 532 607 1964 
2199 607 608 1964 
2200 608 532 1964 
2201 617 744 1965 
2202 744 746 1965 
2203 746 617 1965 
2204 539 597 1966 
2205 597 600 1966 
2206 600 539 1966 
2207 121 122 1967 
2208 122 993 1967 
2209 993 121 1967 
2210 393 582 1968 
2211 582 970 1968 
2212 970 393 1968 
2213 544 592 1969 
2214 592 617 1969 
2215 617 544 1969 
2216 958 957 1970 
2217 957 959 1970 
2218 959 958 1970 
2219 641 729 1971 
2220 729 949 1971 
2221 949 641 1971 
2222 359 620 1972 
2223 620 621 1972 
2224 621 359 1972 
2225 361 1057 1973 
2226 1057 1073 1973 
2227 1073 361 1973 
2228 383 363 1974 
2229 363 593 1974 
2230 593 383 1974 
2231 925 321 1975 
2232 321 933 1975 
2233 933 925 1975 
2234 534 912 1976 
2235 912 913 1976 
2236 913 534 1976 
2237 330 329 1977 
2238 329 331 1977 
2239 331 330 1977 
2240 532 371 1978 
2241 371 607 1978 
2242 607 532 1978 
2243 1039 686 1979 
2244 686 1049 1979 
2245 1049 1039 1979 
2246 528 343 1980 
2247 343 916 1980 
2248 916 528 1980 
2249 544 351 1981 
2250 351 592 1981 
2251 592 544 1981 
2252 343 341 1982 
2253 341 534 1982 
2254 534 343 1982 
2255 118 119 1983 
2256 119 992 1983 
2257 992 118 1983 
2258 665 567 1984 
2259 567 1009 1984 
2260 1009 665 1984 
2261 383 593 1985 
2262 593 615 1985 
2263 615 383 1985 
2264 485 488 1986 
2265 488 906 1986 
2266 906 485 1986 
2267 1079 583 1987 
2268 583 1095 1987 
2269 1095 1079 1987 
2270 519 517 1988 
2271 517 523 1988 
2272 523 519 1988 
2273 181 254 1989 
2274 254 956 1989 
2275 956 181 1989 
2276 679 759 1990 
2277 759 841 1990 
2278 841 679 1990 
2279 516 515 1991 
2280 515 517 1991 
2281 517 516 1991 
2282 948 472 1992 
2283 472 1058 1992 
2284 1058 948 1992 
2285 359 357 1993 
2286 357 620 1993 
2287 620 359 1993 
2288 919 917 1994 
2289 917 920 1994 
2290 920 919 1994 
2291 439 441 1995 
2292 441 1039 1995 
2293 1039 439 1995 
2294 922 603 1996 
2295 603 972 1996 
2296 972 922 1996 
2297 450 452 1997 
2298 452 988 1997 
2299 988 450 1997 
2300 472 469 1998 
2301 469 1058 1998 
2302 1058 472 1998 
2303 471 473 1999 
2304 473 1051 1999 
2305 1051 471 1999 
2306 474 472 2000 
2307 472 948 2000 
2308 948 474 2000 
2309 633 1092 2001 
2310 1092 1102 2001 
2311 1102 633 2001 
2312 646 690 2002 
2313 690 946 2002 
2314 946 646 2002 
2315 944 976 2003 
2316 976 1033 2003 
2317 1033 944 2003 
2318 1028 948 2004 
2319 948 1058 2004 
2320 1058 1028 2004 
2321 652 651 2005 
2322 651 934 2005 
2323 934 652 2005 
2324 489 487 2006 
2325 487 1034 2006 
2326 1034 489 2006 
2327 853 260 2007 
2328 260 854 2007 
2329 854 853 2007 
2330 956 957 2008 
2331 957 958 2008 
2332 958 956 2008 
2333 332 331 2009 
2334 331 560 2009 
2335 560 332 2009 
2336 881 880 2010 
2337 880 882 2010 
2338 882 881 2010 
2339 513 516 2011 
2340 516 945 2011 
2341 945 513 2011 
2342 522 435 2012 
2343 435 971 2012 
2344 971 522 2012 
2345 328 326 2013 
2346 326 329 2013 
2347 329 328 2013 
2348 680 904 2014 
2349 904 955 2014 
2350 955 680 2014 
2351 918 936 2015 
2352 936 968 2015 
2353 968 918 2015 
2354 259 964 2016 
2355 964 965 2016 
2356 965 259 2016 
2357 988 566 2017 
2358 566 1008 2017 
2359 1008 988 2017 
2360 429 430 2018 
2361 430 1035 2018 
2362 1035 429 2018 
2363 973 684 2019 
2364 684 998 2019 
2365 998 973 2019 
2366 342 341 2020 
2367 341 343 2020 
2368 343 342 2020 
2369 989 415 2021 
2370 415 1032 2021 
2371 1032 989 2021 
2372 1053 423 2022 
2373 423 1059 2022 
2374 1059 1053 2022 
2375 683 989 2023 
2376 989 1032 2023 
2377 1032 683 2023 
2378 300 298 2024 
2379 298 658 2024 
2380 658 300 2024 
2381 123 235 2025 
2382 235 994 2025 
2383 994 123 2025 
2384 594 474 2026 
2385 474 948 2026 
2386 948 594 2026 
2387 918 917 2027 
2388 917 919 2027 
2389 919 918 2027 
2390 630 743 2028 
2391 743 938 2028 
2392 938 630 2028 
2393 958 959 2029 
2394 959 960 2029 
2395 960 958 2029 
2396 677 842 2030 
2397 842 1030 2030 
2398 1030 677 2030 
2399 849 851 2031 
2400 851 852 2031 
2401 852 849 2031 
2402 677 615 2032 
2403 615 678 2032 
2404 678 677 2032 
2405 926 925 2033 
2406 925 933 2033 
2407 933 926 2033 
2408 372 371 2034 
2409 371 532 2034 
2410 532 372 2034 
2411 364 363 2035 
2412 363 383 2035 
2413 383 364 2035 
2414 608 607 2036 
2415 607 923 2036 
2416 923 608 2036 
2417 951 186 2037 
2418 186 952 2037 
2419 952 951 2037 
2420 816 526 2038 
2421 526 817 2038 
2422 817 816 2038 
2423 534 911 2039 
2424 911 912 2039 
2425 912 534 2039 
2426 350 349 2040 
2427 349 351 2040 
2428 351 350 2040 
2429 515 518 2041 
2430 518 990 2041 
2431 990 515 2041 
2432 358 357 2042 
2433 357 359 2042 
2434 359 358 2042 
2435 352 351 2043 
2436 351 544 2043 
2437 544 352 2043 
2438 344 343 2044 
2439 343 528 2044 
2440 528 344 2044 
2441 680 608 2045 
2442 608 731 2045 
2443 731 680 2045 
2444 1009 484 2046 
2445 484 1083 2046 
2446 1083 1009 2046 
2447 538 691 2047 
2448 691 1005 2047 
2449 1005 538 2047 
2450 542 626 2048 
2451 626 1036 2048 
2452 1036 542 2048 
2453 545 950 2049 
2454 950 1031 2049 
2455 1031 545 2049 
2456 604 603 2050 
2457 603 922 2050 
2458 922 604 2050 
2459 321 318 2051 
2460 318 933 2051 
2461 933 321 2051 
2462 370 369 2052 
2463 369 371 2052 
2464 371 370 2052 
2465 786 591 2053 
2466 591 1089 2053 
2467 1089 786 2053 
2468 909 544 2054 
2469 544 954 2054 
2470 954 909 2054 
2471 398 545 2055 
2472 545 1031 2055 
2473 1031 398 2055 
2474 672 1040 2056 
2475 1040 1060 2056 
2476 1060 672 2056 
2477 360 359 2057 
2478 359 947 2057 
2479 947 360 2057 
2480 363 360 2058 
2481 360 947 2058 
2482 947 363 2058 
2483 572 676 2059 
2484 676 1086 2059 
2485 1086 572 2059 
2486 357 354 2060 
2487 354 909 2060 
2488 909 357 2060 
2489 719 583 2061 
2490 583 1079 2061 
2491 1079 719 2061 
2492 255 185 2062 
2493 185 951 2062 
2494 951 255 2062 
2495 251 172 2063 
2496 172 939 2063 
2497 939 251 2063 
2498 336 334 2064 
2499 334 337 2064 
2500 337 336 2064 
2501 175 252 2065 
2502 252 937 2065 
2503 937 175 2065 
2504 186 187 2066 
2505 187 952 2066 
2506 952 186 2066 
2507 871 870 2067 
2508 870 872 2067 
2509 872 871 2067 
2510 728 588 2068 
2511 588 860 2068 
2512 860 728 2068 
2513 334 332 2069 
2514 332 991 2069 
2515 991 334 2069 
2516 348 346 2070 
2517 346 349 2070 
2518 349 348 2070 
2519 341 338 2071 
2520 338 911 2071 
2521 911 341 2071 
2522 340 338 2072 
2523 338 341 2072 
2524 341 340 2072 
2525 639 738 2073 
2526 738 999 2073 
2527 999 639 2073 
2528 616 752 2074 
2529 752 941 2074 
2530 941 616 2074 
2531 362 360 2075 
2532 360 363 2075 
2533 363 362 2075 
2534 322 323 2076 
2535 323 324 2076 
2536 324 322 2076 
2537 368 366 2077 
2538 366 369 2077 
2539 369 368 2077 
2540 622 450 2078 
2541 450 988 2078 
2542 988 622 2078 
2543 967 677 2079 
2544 677 1030 2079 
2545 1030 967 2079 
2546 172 173 2080 
2547 173 939 2080 
2548 939 172 2080 
2549 328 329 2081 
2550 329 330 2081 
2551 330 328 2081 
2552 625 703 2082 
2553 703 974 2082 
2554 974 625 2082 
2555 356 354 2083 
2556 354 357 2083 
2557 357 356 2083 
2558 376 374 2084 
2559 374 377 2084 
2560 377 376 2084 
2561 174 175 2085 
2562 175 937 2085 
2563 937 174 2085 
2564 259 197 2086 
2565 197 964 2086 
2566 964 259 2086 
2567 875 273 2087 
2568 273 876 2087 
2569 876 875 2087 
2570 552 302 2088 
2571 302 1069 2088 
2572 1069 552 2088 
2573 135 239 2089 
2574 239 1001 2089 
2575 1001 135 2089 
2576 421 577 2090 
2577 577 944 2090 
2578 944 421 2090 
2579 184 185 2091 
2580 185 255 2091 
2581 255 184 2091 
2582 178 179 2092 
2583 179 253 2092 
2584 253 178 2092 
2585 180 181 2093 
2586 181 956 2093 
2587 956 180 2093 
2588 742 689 2094 
2589 689 1002 2094 
2590 1002 742 2094 
2591 374 372 2095 
2592 372 955 2095 
2593 955 374 2095 
2594 269 881 2096 
2595 881 883 2096 
2596 883 269 2096 
2597 513 515 2097 
2598 515 516 2097 
2599 516 513 2097 
2600 1066 590 2098 
2601 590 1090 2098 
2602 1090 1066 2098 
2603 175 176 2099 
2604 176 252 2099 
2605 252 175 2099 
2606 435 432 2100 
2607 432 971 2100 
2608 971 435 2100 
2609 546 502 2101 
2610 502 590 2101 
2611 590 546 2101 
2612 518 619 2102 
2613 619 990 2102 
2614 990 518 2102 
2615 521 681 2103 
2616 681 1034 2103 
2617 1034 521 2103 
2618 554 471 2104 
2619 471 1051 2104 
2620 1051 554 2104 
2621 639 737 2105 
2622 737 738 2105 
2623 738 639 2105 
2624 582 717 2106 
2625 717 718 2106 
2626 718 582 2106 
2627 685 723 2107 
2628 723 1066 2107 
2629 1066 685 2107 
2630 301 302 2108 
2631 302 303 2108 
2632 303 301 2108 
2633 387 382 2109 
2634 382 1017 2109 
2635 1017 387 2109 
2636 134 135 2110 
2637 135 1001 2110 
2638 1001 134 2110 
2639 181 182 2111 
2640 182 254 2111 
2641 254 181 2111 
2642 187 188 2112 
2643 188 256 2112 
2644 256 187 2112 
2645 190 191 2113 
2646 191 257 2113 
2647 257 190 2113 
2648 561 499 2114 
2649 499 1082 2114 
2650 1082 561 2114 
2651 171 172 2115 
2652 172 251 2115 
2653 251 171 2115 
2654 193 194 2116 
2655 194 258 2116 
2656 258 193 2116 
2657 196 197 2117 
2658 197 259 2117 
2659 259 196 2117 
2660 401 573 2118 
2661 573 1037 2118 
2662 1037 401 2118 
2663 774 1080 2119 
2664 1080 1116 2119 
2665 1116 774 2119 
2666 1096 643 2120 
2667 643 1098 2120 
2668 1098 1096 2120 
2669 369 967 2121 
2670 967 1030 2121 
2671 1030 369 2121 
2672 320 318 2122 
2673 318 321 2122 
2674 321 320 2122 
2675 173 174 2123 
2676 174 288 2123 
2677 288 173 2123 
2678 322 321 2124 
2679 321 323 2124 
2680 323 322 2124 
2681 302 300 2125 
2682 300 1069 2125 
2683 1069 302 2125 
2684 330 331 2126 
2685 331 332 2126 
2686 332 330 2126 
2687 546 639 2127 
2688 639 1102 2127 
2689 1102 546 2127 
2690 560 651 2128 
2691 651 652 2128 
2692 652 560 2128 
2693 531 464 2129 
2694 464 969 2129 
2695 969 531 2129 
2696 180 956 2130 
2697 956 963 2130 
2698 963 180 2130 
2699 415 412 2131 
2700 412 1032 2131 
2701 1032 415 2131 
2702 423 420 2132 
2703 420 1059 2132 
2704 1059 423 2132 
2705 575 1043 2133 
2706 1043 1094 2133 
2707 1094 575 2133 
2708 650 973 2134 
2709 973 998 2134 
2710 998 650 2134 
2711 582 718 2135 
2712 718 970 2135 
2713 970 582 2135 
2714 875 876 2136 
2715 876 877 2136 
2716 877 875 2136 
2717 518 599 2137 
2718 599 619 2137 
2719 619 518 2137 
2720 539 323 2138 
2721 323 597 2138 
2722 597 539 2138 
2723 185 186 2139 
2724 186 951 2139 
2725 951 185 2139 
2726 732 608 2140 
2727 608 923 2140 
2728 923 732 2140 
2729 251 939 2141 
2730 939 940 2141 
2731 940 251 2141 
2732 609 905 2142 
2733 905 1097 2142 
2734 1097 609 2142 
2735 452 455 2143 
2736 455 988 2143 
2737 988 452 2143 
2738 475 542 2144 
2739 542 1036 2144 
2740 1036 475 2144 
2741 86 87 2145 
2742 87 867 2145 
2743 867 86 2145 
2744 378 377 2146 
2745 377 379 2146 
2746 379 378 2146 
2747 675 570 2147 
2748 570 910 2147 
2749 910 675 2147 
2750 744 592 2148 
2751 592 745 2148 
2752 745 744 2148 
2753 970 718 2149 
2754 718 1113 2149 
2755 1113 970 2149 
2756 617 746 2150 
2757 746 843 2150 
2758 843 617 2150 
2759 583 453 2151 
2760 453 1095 2151 
2761 1095 583 2151 
2762 516 517 2152 
2763 517 519 2152 
2764 519 516 2152 
2765 470 585 2153 
2766 585 1064 2153 
2767 1064 470 2153 
2768 914 912 2154 
2769 912 915 2154 
2770 915 914 2154 
2771 316 315 2155 
2772 315 384 2155 
2773 384 316 2155 
2774 620 357 2156 
2775 357 909 2156 
2776 909 620 2156 
2777 789 593 2157 
2778 593 861 2157 
2779 861 789 2157 
2780 317 316 2158 
2781 316 318 2158 
2782 318 317 2158 
2783 993 122 2159 
2784 122 994 2159 
2785 994 993 2159 
2786 1040 407 2160 
2787 407 1060 2160 
2788 1060 1040 2160 
2789 572 570 2161 
2790 570 674 2161 
2791 674 572 2161 
2792 625 974 2162 
2793 974 996 2162 
2794 996 625 2162 
2795 714 653 2163 
2796 653 764 2163 
2797 764 714 2163 
2798 765 766 2164 
2799 766 767 2164 
2800 767 765 2164 
2801 336 337 2165 
2802 337 338 2165 
2803 338 336 2165 
2804 528 917 2166 
2805 917 918 2166 
2806 918 528 2166 
2807 383 615 2167 
2808 615 677 2167 
2809 677 383 2167 
2810 534 341 2168 
2811 341 911 2168 
2812 911 534 2168 
2813 342 343 2169 
2814 343 344 2169 
2815 344 342 2169 
2816 538 602 2170 
2817 602 691 2170 
2818 691 538 2170 
2819 755 612 2171 
2820 612 756 2171 
2821 756 755 2171 
2822 677 678 2172 
2823 678 842 2172 
2824 842 677 2172 
2825 419 944 2173 
2826 944 1033 2173 
2827 1033 419 2173 
2828 399 1037 2174 
2829 1037 1065 2174 
2830 1065 399 2174 
2831 626 1007 2175 
2832 1007 1036 2175 
2833 1036 626 2175 
2834 380 379 2176 
2835 379 548 2176 
2836 548 380 2176 
2837 532 608 2177 
2838 608 680 2177 
2839 680 532 2177 
2840 521 618 2178 
2841 618 681 2178 
2842 681 521 2178 
2843 9 10 2179 
2844 10 231 2179 
2845 231 9 2179 
2846 340 341 2180 
2847 341 342 2180 
2848 342 340 2180 
2849 350 351 2181 
2850 351 352 2181 
2851 352 350 2181 
2852 610 726 2182 
2853 726 727 2182 
2854 727 610 2182 
2855 595 409 2183 
2856 409 996 2183 
2857 996 595 2183 
2858 426 551 2184 
2859 551 1024 2184 
2860 1024 426 2184 
2861 519 523 2185 
2862 523 571 2185 
2863 571 519 2185 
2864 370 371 2186 
2865 371 372 2186 
2866 372 370 2186 
2867 617 843 2187 
2868 843 954 2187 
2869 954 617 2187 
2870 854 260 2188 
2871 260 855 2188 
2872 855 854 2188 
2873 325 324 2189 
2874 324 326 2189 
2875 326 325 2189 
2876 640 547 2190 
2877 547 688 2190 
2878 688 640 2190 
2879 358 359 2191 
2880 359 360 2191 
2881 360 358 2191 
2882 831 524 2192 
2883 524 840 2192 
2884 840 831 2192 
2885 681 682 2193 
2886 682 893 2193 
2887 893 681 2193 
2888 470 554 2194 
2889 554 585 2194 
2890 585 470 2194 
2891 485 486 2195 
2892 486 487 2195 
2893 487 485 2195 
2894 320 321 2196 
2895 321 322 2196 
2896 322 320 2196 
2897 396 399 2197 
2898 399 1065 2197 
2899 1065 396 2197 
2900 368 369 2198 
2901 369 370 2198 
2902 370 368 2198 
2903 356 357 2199 
2904 357 358 2199 
2905 358 356 2199 
2906 513 514 2200 
2907 514 515 2200 
2908 515 513 2200 
2909 314 315 2201 
2910 315 316 2201 
2911 316 314 2201 
2912 530 434 2202 
2913 434 1049 2202 
2914 1049 530 2202 
2915 348 349 2203 
2916 349 350 2203 
2917 350 348 2203 
2918 409 406 2204 
2919 406 996 2204 
2920 996 409 2204 
2921 442 444 2205 
2922 444 1019 2205 
2923 1019 442 2205 
2924 458 459 2206 
2925 459 1061 2206 
2926 1061 458 2206 
2927 464 461 2207 
2928 461 969 2207 
2929 969 464 2207 
2930 551 645 2208 
2931 645 1024 2208 
2932 1024 551 2208 
2933 573 684 2209 
2934 684 1037 2209 
2935 1037 573 2209 
2936 582 650 2210 
2937 650 717 2210 
2938 717 582 2210 
2939 610 686 2211 
2940 686 726 2211 
2941 726 610 2211 
2942 664 665 2212 
2943 665 780 2212 
2944 780 664 2212 
2945 646 554 2213 
2946 554 690 2213 
2947 690 646 2213 
2948 518 598 2214 
2949 598 599 2214 
2950 599 518 2214 
2951 362 363 2215 
2952 363 364 2215 
2953 364 362 2215 
2954 199 200 2216 
2955 200 263 2216 
2956 263 199 2216 
2957 433 609 2217 
2958 609 1035 2217 
2959 1035 433 2217 
2960 319 318 2218 
2961 318 320 2218 
2962 320 319 2218 
2963 509 510 2219 
2964 510 511 2219 
2965 511 509 2219 
2966 197 198 2220 
2967 198 964 2220 
2968 964 197 2220 
2969 577 709 2221 
2970 709 710 2221 
2971 710 577 2221 
2972 98 99 2222 
2973 99 898 2222 
2974 898 98 2222 
2975 400 398 2223 
2976 398 1031 2223 
2977 1031 400 2223 
2978 586 425 2224 
2979 425 1053 2224 
2980 1053 586 2224 
2981 572 674 2225 
2982 674 676 2225 
2983 676 572 2225 
2984 510 633 2226 
2985 633 638 2226 
2986 638 510 2226 
2987 406 405 2227 
2988 405 996 2227 
2989 996 406 2227 
2990 876 878 2228 
2991 878 879 2228 
2992 879 876 2228 
2993 491 489 2229 
2994 489 492 2229 
2995 492 491 2229 
2996 974 595 2230 
2997 595 996 2230 
2998 996 974 2230 
2999 393 558 2231 
3000 558 582 2231 
3001 582 393 2231 
3002 511 510 2232 
3003 510 1099 2232 
3004 1099 511 2232 
3005 205 206 2233 
3006 206 266 2233 
3007 266 205 2233 
3008 441 547 2234 
3009 547 589 2234 
3010 589 441 2234 
3011 687 604 2235 
3012 604 740 2235 
3013 740 687 2235 
3014 383 677 2236 
3015 677 967 2236 
3016 967 383 2236 
3017 652 935 2237 
3018 935 991 2237 
3019 991 652 2237 
3020 425 423 2238 
3021 423 1053 2238 
3022 1053 425 2238 
3023 437 435 2239 
3024 435 522 2239 
3025 522 437 2239 
3026 443 440 2240 
3027 440 1025 2240 
3028 1025 443 2240 
3029 451 448 2241 
3030 448 1005 2241 
3031 1005 451 2241 
3032 452 454 2242 
3033 454 455 2242 
3034 455 452 2242 
3035 485 487 2243 
3036 487 488 2243 
3037 488 485 2243 
3038 521 486 2244 
3039 486 591 2244 
3040 591 521 2244 
3041 529 494 2245 
3042 494 613 2245 
3043 613 529 2245 
3044 509 511 2246 
3045 511 512 2246 
3046 512 509 2246 
3047 512 513 2247 
3048 513 945 2247 
3049 945 512 2247 
3050 518 514 2248 
3051 514 598 2248 
3052 598 518 2248 
3053 525 1028 2249 
3054 1028 1058 2249 
3055 1058 525 2249 
3056 585 554 2250 
3057 554 646 2250 
3058 646 585 2250 
3059 577 710 2251 
3060 710 944 2251 
3061 944 577 2251 
3062 648 583 2252 
3063 583 719 2252 
3064 719 648 2252 
3065 616 594 2253 
3066 594 750 2253 
3067 750 616 2253 
3068 740 604 2254 
3069 604 741 2254 
3070 741 740 2254 
3071 630 689 2255 
3072 689 742 2255 
3073 742 630 2255 
3074 721 646 2256 
3075 646 747 2256 
3076 747 721 2256 
3077 793 708 2257 
3078 708 804 2257 
3079 804 793 2257 
3080 785 786 2258 
3081 786 787 2258 
3082 787 785 2258 
3083 314 313 2259 
3084 313 315 2259 
3085 315 314 2259 
3086 166 167 2260 
3087 167 1003 2260 
3088 1003 166 2260 
3089 751 594 2261 
3090 594 948 2261 
3091 948 751 2261 
3092 231 983 2262 
3093 983 984 2262 
3094 984 231 2262 
3095 443 1025 2263 
3096 1025 1026 2263 
3097 1026 443 2263 
3098 741 604 2264 
3099 604 922 2264 
3100 922 741 2264 
3101 883 881 2265 
3102 881 884 2265 
3103 884 883 2265 
3104 544 617 2266 
3105 617 954 2266 
3106 954 544 2266 
3107 44 287 2267 
3108 287 1023 2267 
3109 1023 44 2267 
3110 133 134 2268 
3111 134 995 2268 
3112 995 133 2268 
3113 521 591 2269 
3114 591 618 2269 
3115 618 521 2269 
3116 885 883 2270 
3117 883 886 2270 
3118 886 885 2270 
3119 577 656 2271 
3120 656 709 2271 
3121 709 577 2271 
3122 168 250 2272 
3123 250 1004 2272 
3124 1004 168 2272 
3125 202 203 2273 
3126 203 268 2273 
3127 268 202 2273 
3128 269 883 2274 
3129 883 885 2274 
3130 885 269 2274 
3131 310 309 2275 
3132 309 1006 2275 
3133 1006 310 2275 
3134 747 646 2276 
3135 646 946 2276 
3136 946 747 2276 
3137 421 420 2277 
3138 420 422 2277 
3139 422 421 2277 
3140 476 475 2278 
3141 475 477 2278 
3142 477 476 2278 
3143 714 764 2279 
3144 764 797 2279 
3145 797 714 2279 
3146 117 233 2280 
3147 233 1010 2280 
3148 1010 117 2280 
3149 452 453 2281 
3150 453 454 2281 
3151 454 452 2281 
3152 547 442 2282 
3153 442 1019 2282 
3154 1019 547 2282 
3155 434 432 2283 
3156 432 435 2283 
3157 435 434 2283 
3158 495 494 2284 
3159 494 529 2284 
3160 529 495 2284 
3161 503 502 2285 
3162 502 546 2285 
3163 546 503 2285 
3164 709 792 2286 
3165 792 803 2286 
3166 803 709 2286 
3167 976 710 2287 
3168 710 977 2287 
3169 977 976 2287 
3170 765 675 2288 
3171 675 766 2288 
3172 766 765 2288 
3173 449 448 2289 
3174 448 450 2289 
3175 450 449 2289 
3176 871 872 2290 
3177 872 873 2290 
3178 873 871 2290 
3179 995 134 2291 
3180 134 1001 2291 
3181 1001 995 2291 
3182 661 663 2292 
3183 663 808 2292 
3184 808 661 2292 
3185 455 566 2293 
3186 566 988 2293 
3187 988 455 2293 
3188 546 590 2294 
3189 590 639 2294 
3190 639 546 2294 
3191 688 547 2295 
3192 547 1019 2295 
3193 1019 688 2295 
3194 396 397 2296 
3195 397 398 2296 
3196 398 396 2296 
3197 638 700 2297 
3198 700 701 2297 
3199 701 638 2297 
3200 422 420 2298 
3201 420 423 2298 
3202 423 422 2298 
3203 450 448 2299 
3204 448 451 2299 
3205 451 450 2299 
3206 684 973 2300 
3207 973 1037 2300 
3208 1037 684 2300 
3209 856 855 2301 
3210 855 858 2301 
3211 858 856 2301 
3212 313 310 2302 
3213 310 1006 2302 
3214 1006 313 2302 
3215 401 400 2303 
3216 400 402 2303 
3217 402 401 2303 
3218 401 569 2304 
3219 569 573 2304 
3220 573 401 2304 
3221 538 601 2305 
3222 601 602 2305 
3223 602 538 2305 
3224 625 702 2306 
3225 702 703 2306 
3226 703 625 2306 
3227 629 630 2307 
3228 630 938 2307 
3229 938 629 2307 
3230 805 659 2308 
3231 659 924 2308 
3232 924 805 2308 
3233 122 123 2309 
3234 123 994 2309 
3235 994 122 2309 
3236 384 315 2310 
3237 315 975 2310 
3238 975 384 2310 
3239 410 409 2311 
3240 409 457 2311 
3241 457 410 2311 
3242 429 428 2312 
3243 428 430 2312 
3244 430 429 2312 
3245 656 565 2313 
3246 565 1046 2313 
3247 1046 656 2313 
3248 138 240 2314 
3249 240 1000 2314 
3250 1000 138 2314 
3251 312 313 2315 
3252 313 314 2315 
3253 314 312 2315 
3254 750 594 2316 
3255 594 751 2316 
3256 751 750 2316 
3257 764 653 2317 
3258 653 844 2317 
3259 844 764 2317 
3260 500 1075 2318 
3261 1075 1090 2318 
3262 1090 500 2318 
3263 528 918 2319 
3264 918 968 2319 
3265 968 528 2319 
3266 411 410 2320 
3267 410 412 2320 
3268 412 411 2320 
3269 431 1024 2321 
3270 1024 1027 2321 
3271 1027 431 2321 
3272 644 722 2322 
3273 722 739 2322 
3274 739 644 2322 
3275 115 116 2323 
3276 116 289 2323 
3277 289 115 2323 
3278 123 124 2324 
3279 124 235 2324 
3280 235 123 2324 
3281 126 127 2325 
3282 127 236 2325 
3283 236 126 2325 
3284 129 130 2326 
3285 130 237 2326 
3286 237 129 2326 
3287 493 492 2327 
3288 492 494 2327 
3289 494 493 2327 
3290 507 505 2328 
3291 505 508 2328 
3292 508 507 2328 
3293 672 569 2329 
3294 569 1040 2329 
3295 1040 672 2329 
3296 683 596 2330 
3297 596 697 2330 
3298 697 683 2330 
3299 438 437 2331 
3300 437 520 2331 
3301 520 438 2331 
3302 467 466 2332 
3303 466 525 2332 
3304 525 467 2332 
3305 408 409 2333 
3306 409 410 2333 
3307 410 408 2333 
3308 689 1041 2334 
3309 1041 1064 2334 
3310 1064 689 2334 
3311 490 489 2335 
3312 489 491 2335 
3313 491 490 2335 
3314 479 480 2336 
3315 480 481 2336 
3316 481 479 2336 
3317 773 772 2337 
3318 772 774 2337 
3319 774 773 2337 
3320 8 9 2338 
3321 9 1050 2338 
3322 1050 8 2338 
3323 413 412 2339 
3324 412 414 2339 
3325 414 413 2339 
3326 506 505 2340 
3327 505 507 2340 
3328 507 506 2340 
3329 717 762 2341 
3330 762 796 2341 
3331 796 717 2341 
3332 144 145 2342 
3333 145 242 2342 
3334 242 144 2342 
3335 396 398 2343 
3336 398 399 2343 
3337 399 396 2343 
3338 401 402 2344 
3339 402 569 2344 
3340 569 401 2344 
3341 405 403 2345 
3342 403 624 2345 
3343 624 405 2345 
3344 457 409 2346 
3345 409 595 2346 
3346 595 457 2346 
3347 411 412 2347 
3348 412 413 2347 
3349 413 411 2347 
3350 413 414 2348 
3351 414 543 2348 
3352 543 413 2348 
3353 422 424 2349 
3354 424 1038 2349 
3355 1038 422 2349 
3356 424 426 2350 
3357 426 427 2350 
3358 427 424 2350 
3359 427 428 2351 
3360 428 429 2351 
3361 429 427 2351 
3362 627 429 2352 
3363 429 628 2352 
3364 628 627 2352 
3365 430 432 2353 
3366 432 433 2353 
3367 433 430 2353 
3368 971 431 2354 
3369 431 1027 2354 
3370 1027 971 2354 
3371 439 440 2355 
3372 440 441 2355 
3373 441 439 2355 
3374 441 442 2356 
3375 442 547 2356 
3376 547 441 2356 
3377 444 446 2357 
3378 446 447 2357 
3379 447 444 2357 
3380 538 445 2358 
3381 445 601 2358 
3382 601 538 2358 
3383 455 456 2359 
3384 456 458 2359 
3385 458 455 2359 
3386 459 461 2360 
3387 461 462 2360 
3388 462 459 2360 
3389 466 464 2361 
3390 464 531 2361 
3391 531 466 2361 
3392 468 469 2362 
3393 469 470 2362 
3394 470 468 2362 
3395 470 471 2363 
3396 471 554 2363 
3397 554 470 2363 
3398 473 474 2364 
3399 474 475 2364 
3400 475 473 2364 
3401 476 477 2365 
3402 477 478 2365 
3403 478 476 2365 
3404 478 479 2366 
3405 479 567 2366 
3406 567 478 2366 
3407 481 483 2367 
3408 483 484 2367 
3409 484 481 2367 
3410 589 547 2368 
3411 547 640 2368 
3412 640 589 2368 
3413 585 1002 2369 
3414 1002 1064 2369 
3415 1064 585 2369 
3416 596 595 2370 
3417 595 790 2370 
3418 790 596 2370 
3419 733 640 2371 
3420 640 734 2371 
3421 734 733 2371 
3422 671 672 2372 
3423 672 771 2372 
3424 771 671 2372 
3425 687 1052 2373 
3426 1052 1053 2373 
3427 1053 687 2373 
3428 771 772 2374 
3429 772 773 2374 
3430 773 771 2374 
3431 787 788 2375 
3432 788 801 2375 
3433 801 787 2375 
3434 978 980 2376 
3435 980 981 2376 
3436 981 978 2376 
3437 159 160 2377 
3438 160 247 2377 
3439 247 159 2377 
3440 233 118 2378 
3441 118 992 2378 
3442 992 233 2378 
3443 433 432 2379 
3444 432 434 2379 
3445 434 433 2379 
3446 648 719 2380 
3447 719 761 2380 
3448 761 648 2380 
3449 405 625 2381 
3450 625 996 2381 
3451 996 405 2381 
3452 463 461 2382 
3453 461 464 2382 
3454 464 463 2382 
3455 475 474 2383 
3456 474 542 2383 
3457 542 475 2383 
3458 418 417 2384 
3459 417 535 2384 
3460 535 418 2384 
3461 626 616 2385 
3462 616 941 2385 
3463 941 626 2385 
3464 117 118 2386 
3465 118 233 2386 
3466 233 117 2386 
3467 120 121 2387 
3468 121 234 2387 
3469 234 120 2387 
3470 238 133 2388 
3471 133 995 2388 
3472 995 238 2388 
3473 404 403 2389 
3474 403 405 2389 
3475 405 404 2389 
3476 455 458 2390 
3477 458 566 2390 
3478 566 455 2390 
3479 771 672 2391 
3480 672 772 2391 
3481 772 771 2391 
3482 428 426 2392 
3483 426 1024 2392 
3484 1024 428 2392 
3485 557 583 2393 
3486 583 648 2393 
3487 648 557 2393 
3488 551 586 2394 
3489 586 644 2394 
3490 644 551 2394 
3491 984 983 2395 
3492 983 985 2395 
3493 985 984 2395 
3494 468 467 2396 
3495 467 469 2396 
3496 469 468 2396 
3497 459 460 2397 
3498 460 461 2397 
3499 461 459 2397 
3500 671 569 2398 
3501 569 672 2398 
3502 672 671 2398 
3503 444 443 2399 
3504 443 445 2399 
3505 445 444 2399 
3506 944 710 2400 
3507 710 976 2400 
3508 976 944 2400 
3509 402 400 2401 
3510 400 403 2401 
3511 403 402 2401 
3512 580 653 2402 
3513 653 714 2402 
3514 714 580 2402 
3515 427 426 2403 
3516 426 428 2403 
3517 428 427 2403 
3518 692 533 2404 
3519 533 997 2404 
3520 997 692 2404 
3521 436 435 2405 
3522 435 437 2405 
3523 437 436 2405 
3524 432 431 2406 
3525 431 971 2406 
3526 971 432 2406 
3527 414 412 2407 
3528 412 415 2407 
3529 415 414 2407 
3530 416 415 2408 
3531 415 417 2408 
3532 417 416 2408 
3533 419 418 2409 
3534 418 420 2409 
3535 420 419 2409 
3536 427 429 2410 
3537 429 627 2410 
3538 627 427 2410 
3539 465 464 2411 
3540 464 466 2411 
3541 466 465 2411 
3542 407 406 2412 
3543 406 408 2412 
3544 408 407 2412 
3545 479 477 2413 
3546 477 480 2413 
3547 480 479 2413 
3548 478 567 2414 
3549 567 575 2414 
3550 575 478 2414 
3551 687 740 2415 
3552 740 1052 2415 
3553 1052 687 2415 
3554 455 454 2416 
3555 454 456 2416 
3556 456 455 2416 
3557 449 623 2417 
3558 623 1020 2417 
3559 1020 449 2417 
3560 1012 1011 2418 
3561 1011 1013 2418 
3562 1013 1012 2418 
3563 597 323 2419 
3564 323 925 2419 
3565 925 597 2419 
3566 327 326 2420 
3567 326 328 2420 
3568 328 327 2420 
3569 473 472 2421 
3570 472 474 2421 
3571 474 473 2421 
3572 499 500 2422 
3573 500 501 2422 
3574 501 499 2422 
3575 405 624 2423 
3576 624 625 2423 
3577 625 405 2423 
3578 451 1005 2424 
3579 1005 1095 2424 
3580 1095 451 2424 
3581 501 500 2425 
3582 500 502 2425 
3583 502 501 2425 
3584 566 576 2426 
3585 576 657 2426 
3586 657 566 2426 
3587 449 622 2427 
3588 622 623 2427 
3589 623 449 2427 
3590 976 977 2428 
3591 977 978 2428 
3592 978 976 2428 
3593 430 431 2429 
3594 431 432 2429 
3595 432 430 2429 
3596 434 435 2430 
3597 435 436 2430 
3598 436 434 2430 
3599 457 596 2431 
3600 596 683 2431 
3601 683 457 2431 
3602 696 555 2432 
3603 555 1071 2432 
3604 1071 696 2432 
3605 312 310 2433 
3606 310 313 2433 
3607 313 312 2433 
3608 315 313 2434 
3609 313 527 2434 
3610 527 315 2434 
3611 424 423 2435 
3612 423 425 2435 
3613 425 424 2435 
3614 424 425 2436 
3615 425 426 2436 
3616 426 424 2436 
3617 616 750 2437 
3618 750 752 2437 
3619 752 616 2437 
3620 849 848 2438 
3621 848 851 2438 
3622 851 849 2438 
3623 421 565 2439 
3624 565 577 2439 
3625 577 421 2439 
3626 610 530 2440 
3627 530 686 2440 
3628 686 610 2440 
3629 478 477 2441 
3630 477 479 2441 
3631 479 478 2441 
3632 461 460 2442 
3633 460 969 2442 
3634 969 461 2442 
3635 481 482 2443 
3636 482 483 2443 
3637 483 481 2443 
3638 630 536 2444 
3639 536 689 2444 
3640 689 630 2444 
3641 168 169 2445 
3642 169 250 2445 
3643 250 168 2445 
3644 439 438 2446 
3645 438 440 2446 
3646 440 439 2446 
3647 688 1019 2447 
3648 1019 1020 2447 
3649 1020 688 2447 
3650 551 644 2448 
3651 644 645 2448 
3652 645 551 2448 
3653 669 568 2449 
3654 568 1073 2449 
3655 1073 669 2449 
3656 573 673 2450 
3657 673 684 2450 
3658 684 573 2450 
3659 462 461 2451 
3660 461 463 2451 
3661 463 462 2451 
3662 132 133 2452 
3663 133 238 2452 
3664 238 132 2452 
3665 138 139 2453 
3666 139 240 2453 
3667 240 138 2453 
3668 150 151 2454 
3669 151 244 2454 
3670 244 150 2454 
3671 156 157 2455 
3672 157 246 2455 
3673 246 156 2455 
3674 165 166 2456 
3675 166 249 2456 
3676 249 165 2456 
3677 398 397 2457 
3678 397 545 2457 
3679 545 398 2457 
3680 459 456 2458 
3681 456 460 2458 
3682 460 459 2458 
3683 487 486 2459 
3684 486 521 2459 
3685 521 487 2459 
3686 162 163 2460 
3687 163 248 2460 
3688 248 162 2460 
3689 642 641 2461 
3690 641 949 2461 
3691 949 642 2461 
3692 441 440 2462 
3693 440 442 2462 
3694 442 441 2462 
3695 458 456 2463 
3696 456 459 2463 
3697 459 458 2463 
3698 507 508 2464 
3699 508 509 2464 
3700 509 507 2464 
3701 315 527 2465 
3702 527 975 2465 
3703 975 315 2465 
3704 444 445 2466 
3705 445 446 2466 
3706 446 444 2466 
3707 414 415 2467 
3708 415 416 2467 
3709 416 414 2467 
3710 515 514 2468 
3711 514 518 2468 
3712 518 515 2468 
3713 322 324 2469 
3714 324 325 2469 
3715 325 322 2469 
3716 141 142 2470 
3717 142 241 2470 
3718 241 141 2470 
3719 147 148 2471 
3720 148 243 2471 
3721 243 147 2471 
3722 153 154 2472 
3723 154 245 2472 
3724 245 153 2472 
3725 411 413 2473 
3726 413 556 2473 
3727 556 411 2473 
3728 344 528 2474 
3729 528 968 2474 
3730 968 344 2474 
3731 442 440 2475 
3732 440 443 2475 
3733 443 442 2475 
3734 399 398 2476 
3735 398 400 2476 
3736 400 399 2476 
3737 535 603 2477 
3738 603 604 2477 
3739 604 535 2477 
3740 10 11 2478 
3741 11 982 2478 
3742 982 10 2478 
3743 372 532 2479 
3744 532 955 2479 
3745 955 372 2479 
3746 542 594 2480 
3747 594 616 2480 
3748 616 542 2480 
3749 442 443 2481 
3750 443 444 2481 
3751 444 442 2481 
3752 465 466 2482 
3753 466 467 2482 
3754 467 465 2482 
3755 471 472 2483 
3756 472 473 2483 
3757 473 471 2483 
3758 135 136 2484 
3759 136 239 2484 
3760 239 135 2484 
3761 364 383 2485 
3762 383 967 2485 
3763 967 364 2485 
3764 397 395 2486 
3765 395 562 2486 
3766 562 397 2486 
3767 404 406 2487 
3768 406 407 2487 
3769 407 404 2487 
3770 408 410 2488 
3771 410 411 2488 
3772 411 408 2488 
3773 416 418 2489 
3774 418 419 2489 
3775 419 416 2489 
3776 535 417 2490 
3777 417 603 2490 
3778 603 535 2490 
3779 419 420 2491 
3780 420 421 2491 
3781 421 419 2491 
3782 421 422 2492 
3783 422 565 2492 
3784 565 421 2492 
3785 551 425 2493 
3786 425 586 2493 
3787 586 551 2493 
3788 436 438 2494 
3789 438 439 2494 
3790 439 436 2494 
3791 447 448 2495 
3792 448 449 2495 
3793 449 447 2495 
3794 449 450 2496 
3795 450 622 2496 
3796 622 449 2496 
3797 473 475 2497 
3798 475 476 2497 
3799 476 473 2497 
3800 542 474 2498 
3801 474 594 2498 
3802 594 542 2498 
3803 484 485 2499 
3804 485 906 2499 
3805 906 484 2499 
3806 488 489 2500 
3807 489 490 2500 
3808 490 488 2500 
3809 494 492 2501 
3810 492 942 2501 
3811 942 494 2501 
3812 496 497 2502 
3813 497 498 2502 
3814 498 496 2502 
3815 498 499 2503 
3816 499 561 2503 
3817 561 498 2503 
3818 504 505 2504 
3819 505 506 2504 
3820 506 504 2504 
3821 506 507 2505 
3822 507 570 2505 
3823 570 506 2505 
3824 629 536 2506 
3825 536 630 2506 
3826 630 629 2506 
3827 577 565 2507 
3828 565 656 2507 
3829 656 577 2507 
3830 573 569 2508 
3831 569 671 2508 
3832 671 573 2508 
3833 575 664 2509 
3834 664 666 2509 
3835 666 575 2509 
3836 644 586 2510 
3837 586 722 2510 
3838 722 644 2510 
3839 618 591 2511 
3840 591 785 2511 
3841 785 618 2511 
3842 623 622 2512 
3843 622 659 2512 
3844 659 623 2512 
3845 625 624 2513 
3846 624 702 2513 
3847 702 625 2513 
3848 661 628 2514 
3849 628 663 2514 
3850 663 661 2514 
3851 667 659 2515 
3852 659 805 2515 
3853 805 667 2515 
3854 808 663 2516 
3855 663 810 2516 
3856 810 808 2516 
3857 755 756 2517 
3858 756 757 2517 
3859 757 755 2517 
3860 773 774 2518 
3861 774 809 2518 
3862 809 773 2518 
3863 782 783 2519 
3864 783 795 2519 
3865 795 782 2519 
3866 498 561 2520 
3867 561 580 2520 
3868 580 498 2520 
3869 430 428 2521 
3870 428 431 2521 
3871 431 430 2521 
3872 780 665 2522 
3873 665 781 2522 
3874 781 780 2522 
3875 664 567 2523 
3876 567 665 2523 
3877 665 664 2523 
3878 396 395 2524 
3879 395 397 2524 
3880 397 396 2524 
3881 481 480 2525 
3882 480 482 2525 
3883 482 481 2525 
3884 978 979 2526 
3885 979 980 2526 
3886 980 978 2526 
3887 527 313 2527 
3888 313 1006 2527 
3889 1006 527 2527 
3890 543 414 2528 
3891 414 1033 2528 
3892 1033 543 2528 
3893 444 447 2529 
3894 447 1019 2529 
3895 1019 444 2529 
3896 573 671 2530 
3897 671 673 2530 
3898 673 573 2530 
3899 424 427 2531 
3900 427 1038 2531 
3901 1038 424 2531 
3902 509 508 2532 
3903 508 510 2532 
3904 510 509 2532 
3905 446 445 2533 
3906 445 538 2533 
3907 538 446 2533 
3908 790 595 2534 
3909 595 974 2534 
3910 974 790 2534 
3911 404 405 2535 
3912 405 406 2535 
3913 406 404 2535 
3914 667 805 2536 
3915 805 807 2536 
3916 807 667 2536 
3917 422 423 2537 
3918 423 424 2537 
3919 424 422 2537 
3920 956 958 2538 
3921 958 963 2538 
3922 963 956 2538 
3923 462 536 2539 
3924 536 629 2539 
3925 629 462 2539 
3926 1012 1013 2540 
3927 1013 1014 2540 
3928 1014 1012 2540 
3929 441 589 2541 
3930 589 1039 2541 
3931 1039 441 2541 
3932 498 497 2542 
3933 497 499 2542 
3934 499 498 2542 
3935 454 453 2543 
3936 453 557 2543 
3937 557 454 2543 
3938 402 403 2544 
3939 403 404 2544 
3940 404 402 2544 
3941 488 490 2545 
3942 490 550 2545 
3943 550 488 2545 
3944 609 610 2546 
3945 610 905 2546 
3946 905 609 2546 
3947 630 742 2547 
3948 742 743 2547 
3949 743 630 2547 
3950 542 616 2548 
3951 616 626 2548 
3952 626 542 2548 
3953 452 451 2549 
3954 451 453 2549 
3955 453 452 2549 
3956 314 316 2550 
3957 316 317 2550 
3958 317 314 2550 
3959 317 318 2551 
3960 318 319 2551 
3961 319 317 2551 
3962 416 417 2552 
3963 417 418 2552 
3964 418 416 2552 
3965 484 483 2553 
3966 483 485 2553 
3967 485 484 2553 
3968 499 497 2554 
3969 497 500 2554 
3970 500 499 2554 
3971 408 406 2555 
3972 406 409 2555 
3973 409 408 2555 
3974 426 425 2556 
3975 425 551 2556 
3976 551 426 2556 
3977 469 467 2557 
3978 467 1058 2557 
3979 1058 469 2557 
3980 471 469 2558 
3981 469 472 2558 
3982 472 471 2558 
3983 470 469 2559 
3984 469 471 2559 
3985 471 470 2559 
3986 978 977 2560 
3987 977 979 2560 
3988 979 978 2560 
3989 627 628 2561 
3990 628 661 2561 
3991 661 627 2561 
3992 565 422 2562 
3993 422 1038 2562 
3994 1038 565 2562 
3995 394 395 2563 
3996 395 396 2563 
3997 396 394 2563 
3998 496 495 2564 
3999 495 497 2564 
4000 497 496 2564 
4001 1086 693 2565 
4002 693 1104 2565 
4003 1104 1086 2565 
4004 457 595 2566 
4005 595 596 2566 
4006 596 457 2566 
4007 249 166 2567 
4008 166 1003 2567 
4009 1003 249 2567 
4010 412 410 2568 
4011 410 1032 2568 
4012 1032 412 2568 
4013 927 929 2569 
4014 929 932 2569 
4015 932 927 2569 
4016 473 476 2570 
4017 476 1051 2570 
4018 1051 473 2570 
4019 687 1053 2571 
4020 1053 1059 2571 
4021 1059 687 2571 
4022 447 446 2572 
4023 446 448 2572 
4024 448 447 2572 
4025 844 693 2573 
4026 693 1086 2573 
4027 1086 844 2573 
4028 548 641 2574 
4029 641 642 2574 
4030 642 548 2574 
4031 450 451 2575 
4032 451 452 2575 
4033 452 450 2575 
4034 557 648 2576 
4035 648 649 2576 
4036 649 557 2576 
4037 571 523 2577 
4038 523 611 2577 
4039 611 571 2577 
4040 702 624 2578 
4041 624 950 2578 
4042 950 702 2578 
4043 762 650 2579 
4044 650 998 2579 
4045 998 762 2579 
4046 623 659 2580 
4047 659 667 2580 
4048 667 623 2580 
4049 681 618 2581 
4050 618 682 2581 
4051 682 681 2581 
4052 717 650 2582 
4053 650 762 2582 
4054 762 717 2582 
4055 619 599 2583 
4056 599 704 2583 
4057 704 619 2583 
4058 628 429 2584 
4059 429 1035 2584 
4060 1035 628 2584 
4061 876 273 2585 
4062 273 878 2585 
4063 878 876 2585 
4064 485 483 2586 
4065 483 486 2586 
4066 486 485 2586 
4067 346 344 2587 
4068 344 968 2587 
4069 968 346 2587 
4070 611 830 2588 
4071 830 832 2588 
4072 832 611 2588 
4073 854 855 2589 
4074 855 856 2589 
4075 856 854 2589 
4076 1024 645 2590 
4077 645 1027 2590 
4078 1027 1024 2590 
4079 300 658 2591 
4080 658 1069 2591 
4081 1069 300 2591 
4082 624 403 2592 
4083 403 1031 2592 
4084 1031 624 2592 
4085 782 781 2593 
4086 781 783 2593 
4087 783 782 2593 
4088 234 121 2594 
4089 121 993 2594 
4090 993 234 2594 
4091 493 494 2595 
4092 494 495 2595 
4093 495 493 2595 
4094 427 627 2596 
4095 627 1038 2596 
4096 1038 427 2596 
4097 436 437 2597 
4098 437 438 2597 
4099 438 436 2597 
4100 447 449 2598 
4101 449 1020 2598 
4102 1020 447 2598 
4103 484 906 2599 
4104 906 1083 2599 
4105 1083 484 2599 
4106 12 13 2600 
4107 13 232 2600 
4108 232 12 2600 
4109 535 604 2601 
4110 604 687 2601 
4111 687 535 2601 
4112 950 624 2602 
4113 624 1031 2602 
4114 1031 950 2602 
4115 688 1021 2603 
4116 1021 1022 2603 
4117 1022 688 2603 
4118 399 400 2604 
4119 400 401 2604 
4120 401 399 2604 
4121 414 416 2605 
4122 416 1033 2605 
4123 1033 414 2605 
4124 433 434 2606 
4125 434 530 2606 
4126 530 433 2606 
4127 460 456 2607 
4128 456 1029 2607 
4129 1029 460 2607 
4130 566 458 2608 
4131 458 576 2608 
4132 576 566 2608 
4133 462 463 2609 
4134 463 536 2609 
4135 536 462 2609 
4136 463 464 2610 
4137 464 465 2610 
4138 465 463 2610 
4139 465 467 2611 
4140 467 468 2611 
4141 468 465 2611 
4142 609 530 2612 
4143 530 610 2612 
4144 610 609 2612 
4145 557 649 2613 
4146 649 1029 2613 
4147 1029 557 2613 
4148 565 1038 2614 
4149 1038 1046 2614 
4150 1046 565 2614 
4151 575 567 2615 
4152 567 664 2615 
4153 664 575 2615 
4154 657 576 2616 
4155 576 708 2616 
4156 708 657 2616 
4157 753 602 2617 
4158 602 754 2617 
4159 754 753 2617 
4160 709 656 2618 
4161 656 792 2618 
4162 792 709 2618 
4163 606 533 2619 
4164 533 692 2619 
4165 692 606 2619 
4166 1002 689 2620 
4167 689 1064 2620 
4168 1064 1002 2620 
4169 854 856 2621 
4170 856 857 2621 
4171 857 854 2621 
4172 787 786 2622 
4173 786 788 2622 
4174 788 787 2622 
4175 674 570 2623 
4176 570 675 2623 
4177 675 674 2623 
4178 629 938 2624 
4179 938 1063 2624 
4180 1063 629 2624 
4181 312 314 2625 
4182 314 997 2625 
4183 997 312 2625 
4184 785 591 2626 
4185 591 786 2626 
4186 786 785 2626 
4187 333 332 2627 
4188 332 334 2627 
4189 334 333 2627 
4190 332 560 2628 
4191 560 991 2628 
4192 991 332 2628 
4193 653 561 2629 
4194 561 693 2629 
4195 693 653 2629 
4196 454 557 2630 
4197 557 1029 2630 
4198 1029 454 2630 
4199 399 401 2631 
4200 401 1037 2631 
4201 1037 399 2631 
4202 504 503 2632 
4203 503 505 2632 
4204 505 504 2632 
4205 231 982 2633 
4206 982 983 2633 
4207 983 231 2633 
4208 582 558 2634 
4209 558 650 2634 
4210 650 582 2634 
4211 589 640 2635 
4212 640 733 2635 
4213 733 589 2635 
4214 985 986 2636 
4215 986 987 2636 
4216 987 985 2636 
4217 501 502 2637 
4218 502 503 2637 
4219 503 501 2637 
4220 691 602 2638 
4221 602 753 2638 
4222 753 691 2638 
4223 768 766 2639 
4224 766 828 2639 
4225 828 768 2639 
4226 433 530 2640 
4227 530 609 2640 
4228 609 433 2640 
4229 657 708 2641 
4230 708 793 2641 
4231 793 657 2641 
4232 308 306 2642 
4233 306 309 2642 
4234 309 308 2642 
4235 440 438 2643 
4236 438 1025 2643 
4237 1025 440 2643 
4238 591 486 2644 
4239 486 1089 2644 
4240 1089 591 2644 
4241 335 334 2645 
4242 334 336 2645 
4243 336 335 2645 
4244 6 7 2646 
4245 7 1042 2646 
4246 1042 6 2646 
4247 403 400 2647 
4248 400 1031 2647 
4249 1031 403 2647 
4250 431 428 2648 
4251 428 1024 2648 
4252 1024 431 2648 
4253 1019 447 2649 
4254 447 1020 2649 
4255 1020 1019 2649 
4256 557 453 2650 
4257 453 583 2650 
4258 583 557 2650 
4259 1041 468 2651 
4260 468 1064 2651 
4261 1064 1041 2651 
4262 490 491 2652 
4263 491 540 2652 
4264 540 490 2652 
4265 493 495 2653 
4266 495 496 2653 
4267 496 493 2653 
4268 501 503 2654 
4269 503 504 2654 
4270 504 501 2654 
4271 510 508 2655 
4272 508 633 2655 
4273 633 510 2655 
4274 514 511 2656 
4275 511 1099 2656 
4276 1099 514 2656 
4277 580 561 2657 
4278 561 653 2657 
4279 653 580 2657 
4280 599 598 2658 
4281 598 791 2658 
4282 791 599 2658 
4283 638 633 2659 
4284 633 700 2659 
4285 700 638 2659 
4286 674 675 2660 
4287 675 765 2660 
4288 765 674 2660 
4289 1083 906 2661 
4290 906 1084 2661 
4291 1084 1083 2661 
4292 339 338 2662 
4293 338 340 2662 
4294 340 339 2662 
4295 529 614 2663 
4296 614 685 2663 
4297 685 529 2663 
4298 786 1089 2664 
4299 1089 1100 2664 
4300 1100 786 2664 
4301 366 364 2665 
4302 364 967 2665 
4303 967 366 2665 
4304 529 613 2666 
4305 613 614 2666 
4306 614 529 2666 
4307 685 614 2667 
4308 614 723 2667 
4309 723 685 2667 
4310 985 983 2668 
4311 983 986 2668 
4312 986 985 2668 
4313 345 344 2669 
4314 344 346 2669 
4315 346 345 2669 
4316 9 231 2670 
4317 231 1050 2670 
4318 1050 9 2670 
4319 751 948 2671 
4320 948 1028 2671 
4321 1028 751 2671 
4322 353 352 2672 
4323 352 354 2672 
4324 354 353 2672 
4325 373 372 2673 
4326 372 374 2673 
4327 374 373 2673 
4328 361 360 2674 
4329 360 362 2674 
4330 362 361 2674 
4331 603 417 2675 
4332 417 989 2675 
4333 989 603 2675 
4334 690 554 2676 
4335 554 1051 2676 
4336 1051 690 2676 
4337 488 487 2677 
4338 487 489 2677 
4339 489 488 2677 
4340 698 1096 2678 
4341 1096 1098 2678 
4342 1098 698 2678 
4343 365 364 2679 
4344 364 366 2679 
4345 366 365 2679 
4346 650 558 2680 
4347 558 973 2680 
4348 973 650 2680 
4349 585 646 2681 
4350 646 721 2681 
4351 721 585 2681 
4352 314 317 2682 
4353 317 997 2682 
4354 997 314 2682 
4355 776 669 2683 
4356 669 777 2683 
4357 777 776 2683 
4358 394 392 2684 
4359 392 395 2684 
4360 395 394 2684 
4361 1052 586 2685 
4362 586 1053 2685 
4363 1053 1052 2685 
4364 1003 167 2686 
4365 167 1004 2686 
4366 1004 1003 2686 
4367 367 366 2687 
4368 366 368 2687 
4369 368 367 2687 
4370 347 346 2688 
4371 346 348 2688 
4372 348 347 2688 
4373 355 354 2689 
4374 354 356 2689 
4375 356 355 2689 
4376 768 828 2690 
4377 828 829 2690 
4378 829 768 2690 
4379 506 570 2691 
4380 570 572 2691 
4381 572 506 2691 
4382 491 492 2692 
4383 492 493 2692 
4384 493 491 2692 
4385 304 302 2693 
4386 302 552 2693 
4387 552 304 2693 
4388 416 419 2694 
4389 419 1033 2694 
4390 1033 416 2694 
4391 308 309 2695 
4392 309 310 2695 
4393 310 308 2695 
4394 681 942 2696 
4395 942 1034 2696 
4396 1034 681 2696 
4397 319 320 2697 
4398 320 549 2697 
4399 549 319 2697 
4400 311 310 2698 
4401 310 312 2698 
4402 312 311 2698 
4403 778 777 2699 
4404 777 779 2699 
4405 779 778 2699 
4406 816 817 2700 
4407 817 818 2700 
4408 818 816 2700 
4409 325 326 2701 
4410 326 327 2701 
4411 327 325 2701 
4412 137 138 2702 
4413 138 1000 2702 
4414 1000 137 2702 
4415 411 556 2703 
4416 556 1018 2703 
4417 1018 411 2703 
4418 303 302 2704 
4419 302 304 2704 
4420 304 303 2704 
4421 376 377 2705 
4422 377 378 2705 
4423 378 376 2705 
4424 407 408 2706 
4425 408 1018 2706 
4426 1018 407 2706 
4427 761 719 2707 
4428 719 800 2707 
4429 800 761 2707 
4430 780 781 2708 
4431 781 782 2708 
4432 782 780 2708 
4433 1060 1018 2709 
4434 1018 1080 2709 
4435 1080 1060 2709 
4436 533 312 2710 
4437 312 997 2710 
4438 997 533 2710 
4439 456 454 2711 
4440 454 1029 2711 
4441 1029 456 2711 
4442 167 168 2712 
4443 168 1004 2712 
4444 1004 167 2712 
4445 513 511 2713 
4446 511 514 2713 
4447 514 513 2713 
4448 635 537 2714 
4449 537 695 2714 
4450 695 635 2714 
4451 695 537 2715 
4452 537 1062 2715 
4453 1062 695 2715 
4454 375 374 2716 
4455 374 376 2716 
4456 376 375 2716 
4457 386 382 2717 
4458 382 387 2717 
4459 387 386 2717 
4460 1011 128 2718 
4461 128 1056 2718 
4462 1056 1011 2718 
4463 606 692 2719 
4464 692 735 2719 
4465 735 606 2719 
4466 1061 629 2720 
4467 629 1063 2720 
4468 1063 1061 2720 
4469 647 555 2721 
4470 555 696 2721 
4471 696 647 2721 
4472 512 511 2722 
4473 511 513 2722 
4474 513 512 2722 
4475 792 656 2723 
4476 656 1093 2723 
4477 1093 792 2723 
4478 393 394 2724 
4479 394 558 2724 
4480 558 393 2724 
4481 438 520 2725 
4482 520 1025 2725 
4483 1025 438 2725 
4484 477 475 2726 
4485 475 1036 2726 
4486 1036 477 2726 
4487 1046 661 2727 
4488 661 1093 2727 
4489 1093 1046 2727 
4490 311 312 2728 
4491 312 533 2728 
4492 533 311 2728 
4493 410 457 2729 
4494 457 1032 2729 
4495 1032 410 2729 
4496 907 597 2730 
4497 597 908 2730 
4498 908 907 2730 
4499 579 712 2731 
4500 712 713 2731 
4501 713 579 2731 
4502 1018 556 2732 
4503 556 1080 2732 
4504 1080 1018 2732 
4505 231 10 2733 
4506 10 982 2733 
4507 982 231 2733 
4508 689 536 2734 
4509 536 1041 2734 
4510 1041 689 2734 
4511 668 568 2735 
4512 568 669 2735 
4513 669 668 2735 
4514 407 1018 2736 
4515 1018 1060 2736 
4516 1060 407 2736 
4517 394 396 2737 
4518 396 1065 2737 
4519 1065 394 2737 
4520 417 415 2738 
4521 415 989 2738 
4522 989 417 2738 
4523 457 683 2739 
4524 683 1032 2739 
4525 1032 457 2739 
4526 482 480 2740 
4527 480 1007 2740 
4528 1007 482 2740 
4529 492 489 2741 
4530 489 1034 2741 
4531 1034 492 2741 
4532 500 497 2742 
4533 497 1075 2742 
4534 1075 500 2742 
4535 508 505 2743 
4536 505 1092 2743 
4537 1092 508 2743 
4538 639 590 2744 
4539 590 737 2744 
4540 737 639 2744 
4541 723 614 2745 
4542 614 730 2745 
4543 730 723 2745 
4544 390 388 2746 
4545 388 391 2746 
4546 391 390 2746 
4547 722 586 2747 
4548 586 1052 2747 
4549 1052 722 2747 
4550 564 655 2748 
4551 655 694 2748 
4552 694 564 2748 
4553 834 835 2749 
4554 835 836 2749 
4555 836 834 2749 
4556 478 575 2750 
4557 575 1094 2750 
4558 1094 478 2750 
4559 420 418 2751 
4560 418 1059 2751 
4561 1059 420 2751 
4562 465 468 2752 
4563 468 1041 2752 
4564 1041 465 2752 
4565 516 519 2753 
4566 519 559 2753 
4567 559 516 2753 
4568 769 637 2754 
4569 637 770 2754 
4570 770 769 2754 
4571 308 310 2755 
4572 310 311 2755 
4573 311 308 2755 
4574 27 28 2756 
4575 28 224 2756 
4576 224 27 2756 
4577 311 533 2757 
4578 533 605 2757 
4579 605 311 2757 
4580 606 735 2758 
4581 735 736 2758 
4582 736 606 2758 
4583 39 40 2759 
4584 40 228 2759 
4585 228 39 2759 
4586 330 332 2760 
4587 332 333 2760 
4588 333 330 2760 
4589 381 385 2761 
4590 385 636 2761 
4591 636 381 2761 
4592 605 606 2762 
4593 606 1044 2762 
4594 1044 605 2762 
4595 619 704 2763 
4596 704 705 2763 
4597 705 619 2763 
4598 36 37 2764 
4599 37 227 2764 
4600 227 36 2764 
4601 908 926 2765 
4602 926 927 2765 
4603 927 908 2765 
4604 690 1051 2766 
4605 1051 1094 2766 
4606 1094 690 2766 
4607 605 533 2767 
4608 533 606 2767 
4609 606 605 2767 
4610 33 34 2768 
4611 34 226 2768 
4612 226 33 2768 
4613 30 31 2769 
4614 31 225 2769 
4615 225 30 2769 
4616 567 479 2770 
4617 479 1009 2770 
4618 1009 567 2770 
4619 772 672 2771 
4620 672 1060 2771 
4621 1060 772 2771 
4622 480 477 2772 
4623 477 1036 2772 
4624 1036 480 2772 
4625 1037 973 2773 
4626 973 1065 2773 
4627 1065 1037 2773 
4628 21 22 2774 
4629 22 222 2774 
4630 222 21 2774 
4631 24 25 2775 
4632 25 223 2775 
4633 223 24 2775 
4634 23 24 2776 
4635 24 1045 2776 
4636 1045 23 2776 
4637 42 43 2777 
4638 43 229 2777 
4639 229 42 2777 
4640 408 411 2778 
4641 411 1018 2778 
4642 1018 408 2778 
4643 767 766 2779 
4644 766 768 2779 
4645 768 767 2779 
4646 600 597 2780 
4647 597 907 2780 
4648 907 600 2780 
4649 322 325 2781 
4650 325 1072 2781 
4651 1072 322 2781 
4652 18 19 2782 
4653 19 221 2782 
4654 221 18 2782 
4655 231 984 2783 
4656 984 1050 2783 
4657 1050 231 2783 
4658 303 304 2784 
4659 304 305 2784 
4660 305 303 2784 
4661 580 714 2785 
4662 714 715 2785 
4663 715 580 2785 
4664 571 612 2786 
4665 612 660 2786 
4666 660 571 2786 
4667 549 320 2787 
4668 320 1072 2787 
4669 1072 549 2787 
4670 636 637 2788 
4671 637 662 2788 
4672 662 636 2788 
4673 908 925 2789 
4674 925 926 2789 
4675 926 908 2789 
4676 336 338 2790 
4677 338 339 2790 
4678 339 336 2790 
4679 1007 626 2791 
4680 626 1112 2791 
4681 1112 1007 2791 
4682 307 306 2792 
4683 306 308 2792 
4684 308 307 2792 
4685 929 928 2793 
4686 928 930 2793 
4687 930 929 2793 
4688 587 549 2794 
4689 549 643 2794 
4690 643 587 2794 
4691 393 392 2795 
4692 392 394 2795 
4693 394 393 2795 
4694 26 27 2796 
4695 27 1047 2796 
4696 1047 26 2796 
4697 927 928 2797 
4698 928 929 2797 
4699 929 927 2797 
4700 342 344 2798 
4701 344 345 2798 
4702 345 342 2798 
4703 560 652 2799 
4704 652 991 2799 
4705 991 560 2799 
4706 1075 685 2800 
4707 685 1090 2800 
4708 1090 1075 2800 
4709 358 360 2801 
4710 360 361 2801 
4711 361 358 2801 
4712 660 612 2802 
4713 612 755 2802 
4714 755 660 2802 
4715 622 988 2803 
4716 988 1008 2803 
4717 1008 622 2803 
4718 686 1039 2804 
4719 1039 1106 2804 
4720 1106 686 2804 
4721 691 1079 2805 
4722 1079 1095 2805 
4723 1095 691 2805 
4724 606 736 2806 
4725 736 1044 2806 
4726 1044 606 2806 
4727 724 643 2807 
4728 643 725 2807 
4729 725 724 2807 
4730 320 322 2808 
4731 322 1072 2808 
4732 1072 320 2808 
4733 350 352 2809 
4734 352 353 2809 
4735 353 350 2809 
4736 22 23 2810 
4737 23 1055 2810 
4738 1055 22 2810 
4739 386 388 2811 
4740 388 389 2811 
4741 389 386 2811 
4742 290 8 2812 
4743 8 1050 2812 
4744 1050 290 2812 
4745 637 385 2813 
4746 385 1068 2813 
4747 1068 637 2813 
4748 362 364 2814 
4749 364 365 2814 
4750 365 362 2814 
4751 468 470 2815 
4752 470 1064 2815 
4753 1064 468 2815 
4754 1014 1013 2816 
4755 1013 1016 2816 
4756 1016 1014 2816 
4757 569 402 2817 
4758 402 1040 2817 
4759 1040 569 2817 
4760 370 372 2818 
4761 372 373 2818 
4762 373 370 2818 
4763 1035 609 2819 
4764 609 1097 2819 
4765 1097 1035 2819 
4766 777 669 2820 
4767 669 1057 2820 
4768 1057 777 2820 
4769 333 334 2821 
4770 334 335 2821 
4771 335 333 2821 
4772 1007 480 2822 
4773 480 1036 2822 
4774 1036 1007 2822 
4775 908 597 2823 
4776 597 925 2823 
4777 925 908 2823 
4778 510 638 2824 
4779 638 1099 2824 
4780 1099 510 2824 
4781 692 997 2825 
4782 997 1074 2825 
4783 1074 692 2825 
4784 418 535 2826 
4785 535 1059 2826 
4786 1059 418 2826 
4787 305 304 2827 
4788 304 306 2827 
4789 306 305 2827 
4790 404 407 2828 
4791 407 1040 2828 
4792 1040 404 2828 
4793 319 549 2829 
4794 549 587 2829 
4795 587 319 2829 
4796 587 643 2830 
4797 643 724 2830 
4798 724 587 2830 
4799 236 1011 2831 
4800 1011 1012 2831 
4801 1012 236 2831 
4802 636 385 2832 
4803 385 637 2832 
4804 637 636 2832 
4805 558 394 2833 
4806 394 1065 2833 
4807 1065 558 2833 
4808 386 387 2834 
4809 387 388 2834 
4810 388 386 2834 
4811 532 680 2835 
4812 680 955 2835 
4813 955 532 2835 
4814 7 8 2836 
4815 8 290 2836 
4816 290 7 2836 
4817 339 340 2837 
4818 340 537 2837 
4819 537 339 2837 
4820 353 354 2838 
4821 354 355 2838 
4822 355 353 2838 
4823 373 374 2839 
4824 374 375 2839 
4825 375 373 2839 
4826 924 659 2840 
4827 659 1008 2840 
4828 1008 924 2840 
4829 662 637 2841 
4830 637 769 2841 
4831 769 662 2841 
4832 389 388 2842 
4833 388 390 2842 
4834 390 389 2842 
4835 345 346 2843 
4836 346 347 2843 
4837 347 345 2843 
4838 385 386 2844 
4839 386 1068 2844 
4840 1068 385 2844 
4841 378 379 2845 
4842 379 380 2845 
4843 380 378 2845 
4844 708 576 2846 
4845 576 1063 2846 
4846 1063 708 2846 
4847 635 695 2847 
4848 695 748 2847 
4849 748 635 2847 
4850 390 392 2848 
4851 392 393 2848 
4852 393 390 2848 
4853 760 600 2849 
4854 600 907 2849 
4855 907 760 2849 
4856 305 306 2850 
4857 306 307 2850 
4858 307 305 2850 
4859 365 366 2851 
4860 366 367 2851 
4861 367 365 2851 
4862 347 348 2852 
4863 348 555 2852 
4864 555 347 2852 
4865 355 356 2853 
4866 356 568 2853 
4867 568 355 2853 
4868 631 327 2854 
4869 327 632 2854 
4870 632 631 2854 
4871 776 777 2855 
4872 777 778 2855 
4873 778 776 2855 
4874 778 779 2856 
4875 779 798 2856 
4876 798 778 2856 
4877 788 1100 2857 
4878 1100 1112 2857 
4879 1112 788 2857 
4880 385 382 2858 
4881 382 386 2858 
4882 386 385 2858 
4883 585 721 2859 
4884 721 1002 2859 
4885 1002 585 2859 
4886 367 368 2860 
4887 368 541 2860 
4888 541 367 2860 
4889 1069 658 2861 
4890 658 1070 2861 
4891 1070 1069 2861 
4892 698 632 2862 
4893 632 699 2862 
4894 699 698 2862 
4895 375 376 2863 
4896 376 563 2863 
4897 563 375 2863 
4898 535 687 2864 
4899 687 1059 2864 
4900 1059 535 2864 
4901 572 1086 2865 
4902 1086 1104 2865 
4903 1104 572 2865 
4904 685 1066 2866 
4905 1066 1090 2866 
4906 1090 685 2866 
4907 688 1020 2867 
4908 1020 1021 2867 
4909 1021 688 2867 
4910 691 753 2868 
4911 753 1079 2868 
4912 1079 691 2868 
4913 623 667 2869 
4914 667 1021 2869 
4915 1021 623 2869 
4916 325 327 2870 
4917 327 631 2870 
4918 631 325 2870 
4919 325 631 2871 
4920 631 1072 2871 
4921 1072 325 2871 
4922 382 380 2872 
4923 380 1017 2872 
4924 1017 382 2872 
4925 668 669 2873 
4926 669 776 2873 
4927 776 668 2873 
4928 927 926 2874 
4929 926 928 2874 
4930 928 927 2874 
4931 381 382 2875 
4932 382 385 2875 
4933 385 381 2875 
4934 774 772 2876 
4935 772 1080 2876 
4936 1080 774 2876 
4937 536 463 2877 
4938 463 1041 2877 
4939 1041 536 2877 
4940 336 339 2878 
4941 339 1077 2878 
4942 1077 336 2878 
4943 392 391 2879 
4944 391 1048 2879 
4945 1048 392 2879 
4946 659 622 2880 
4947 622 1008 2880 
4948 1008 659 2880 
4949 781 665 2881 
4950 665 1083 2881 
4951 1083 781 2881 
4952 631 632 2882 
4953 632 698 2882 
4954 698 631 2882 
4955 552 1069 2883 
4956 1069 1081 2883 
4957 1081 552 2883 
4958 402 404 2884 
4959 404 1040 2884 
4960 1040 402 2884 
4961 463 465 2885 
4962 465 1041 2885 
4963 1041 463 2885 
4964 289 116 2886 
4965 116 1010 2886 
4966 1010 289 2886 
4967 333 335 2887 
4968 335 564 2887 
4969 564 333 2887 
4970 390 391 2888 
4971 391 392 2888 
4972 392 390 2888 
4973 770 637 2889 
4974 637 1068 2889 
4975 1068 770 2889 
4976 973 558 2890 
4977 558 1065 2890 
4978 1065 973 2890 
4979 317 319 2891 
4980 319 1074 2891 
4981 1074 317 2891 
4982 339 537 2892 
4983 537 634 2892 
4984 634 339 2892 
4985 1069 1070 2893 
4986 1070 1081 2893 
4987 1081 1069 2893 
4988 116 117 2894 
4989 117 1010 2894 
4990 1010 116 2894 
4991 575 666 2895 
4992 666 1043 2895 
4993 1043 575 2895 
4994 1038 627 2896 
4995 627 1046 2896 
4996 1046 1038 2896 
4997 564 335 2897 
4998 335 578 2897 
4999 578 564 2897 
5000 340 342 2898 
5001 342 1062 2898 
5002 1062 340 2898 
5003 997 317 2899 
5004 317 1074 2899 
5005 1074 997 2899 
5006 627 661 2900 
5007 661 1046 2900 
5008 1046 627 2900 
5009 655 578 2901 
5010 578 711 2901 
5011 711 655 2901 
5012 784 711 2902 
5013 711 802 2902 
5014 802 784 2902 
5015 347 555 2903 
5016 555 584 2903 
5017 584 347 2903 
5018 564 578 2904 
5019 578 655 2904 
5020 655 564 2904 
5021 655 711 2905 
5022 711 784 2905 
5023 784 655 2905 
5024 386 389 2906 
5025 389 1068 2906 
5026 1068 386 2906 
5027 635 748 2907 
5028 748 749 2907 
5029 749 635 2907 
5030 355 568 2908 
5031 568 574 2908 
5032 574 355 2908 
5033 381 380 2909 
5034 380 382 2909 
5035 382 381 2909 
5036 502 500 2910 
5037 500 1090 2910 
5038 1090 502 2910 
5039 328 330 2911 
5040 330 1078 2911 
5041 1078 328 2911 
5042 365 367 2912 
5043 367 553 2912 
5044 553 365 2912 
5045 375 563 2913 
5046 563 579 2913 
5047 579 375 2913 
5048 7 290 2914 
5049 290 1042 2914 
5050 1042 7 2914 
5051 574 568 2915 
5052 568 668 2915 
5053 668 574 2915 
5054 574 668 2916 
5055 668 670 2916 
5056 670 574 2916 
5057 634 635 2917 
5058 635 1067 2917 
5059 1067 634 2917 
5060 720 758 2918 
5061 758 806 2918 
5062 806 720 2918 
5063 24 223 2919 
5064 223 1045 2919 
5065 1045 24 2919 
5066 335 336 2920 
5067 336 1077 2920 
5068 1077 335 2920 
5069 634 537 2921 
5070 537 635 2921 
5071 635 634 2921 
5072 772 1060 2922 
5073 1060 1080 2922 
5074 1080 772 2922 
5075 818 819 2923 
5076 819 821 2923 
5077 821 818 2923 
5078 467 525 2924 
5079 525 1058 2924 
5080 1058 467 2924 
5081 712 654 2925 
5082 654 775 2925 
5083 775 712 2925 
5084 579 563 2926 
5085 563 654 2926 
5086 654 579 2926 
5087 222 22 2927 
5088 22 1055 2927 
5089 1055 222 2927 
5090 319 587 2928 
5091 587 1074 2928 
5092 1074 319 2928 
5093 584 555 2929 
5094 555 647 2929 
5095 647 584 2929 
5096 579 654 2930 
5097 654 712 2930 
5098 712 579 2930 
5099 339 634 2931 
5100 634 1077 2931 
5101 1077 339 2931 
5102 720 647 2932 
5103 647 758 2932 
5104 758 720 2932 
5105 735 692 2933 
5106 692 1103 2933 
5107 1103 735 2933 
5108 107 108 2934 
5109 108 282 2934 
5110 282 107 2934 
5111 380 548 2935 
5112 548 1017 2935 
5113 1017 380 2935 
5114 342 345 2936 
5115 345 1062 2936 
5116 1062 342 2936 
5117 584 647 2937 
5118 647 720 2937 
5119 720 584 2937 
5120 643 549 2938 
5121 549 1098 2938 
5122 1098 643 2938 
5123 712 775 2939 
5124 775 799 2939 
5125 799 712 2939 
5126 27 224 2940 
5127 224 1047 2940 
5128 1047 27 2940 
5129 23 1045 2941 
5130 1045 1055 2941 
5131 1055 23 2941 
5132 127 128 2942 
5133 128 1011 2942 
5134 1011 127 2942 
5135 537 340 2943 
5136 340 1062 2943 
5137 1062 537 2943 
5138 395 392 2944 
5139 392 1048 2944 
5140 1048 395 2944 
5141 434 436 2945 
5142 436 1049 2945 
5143 1049 434 2945 
5144 529 685 2946 
5145 685 1075 2946 
5146 1075 529 2946 
5147 562 395 2947 
5148 395 1048 2947 
5149 1048 562 2947 
5150 555 348 2948 
5151 348 1071 2948 
5152 1071 555 2948 
5153 330 333 2949 
5154 333 1078 2949 
5155 1078 330 2949 
5156 376 378 2950 
5157 378 1087 2950 
5158 1087 376 2950 
5159 564 694 2951 
5160 694 1078 2951 
5161 1078 564 2951 
5162 661 808 2952 
5163 808 1093 2952 
5164 1093 661 2952 
5165 378 380 2953 
5166 380 381 2953 
5167 381 378 2953 
5168 236 127 2954 
5169 127 1011 2954 
5170 1011 236 2954 
5171 635 749 2955 
5172 749 1067 2955 
5173 1067 635 2955 
5174 754 602 2956 
5175 602 1088 2956 
5176 1088 754 2956 
5177 568 356 2957 
5178 356 1073 2957 
5179 1073 568 2957 
5180 381 636 2958 
5181 636 1087 2958 
5182 1087 381 2958 
5183 348 350 2959 
5184 350 1071 2959 
5185 1071 348 2959 
5186 356 358 2960 
5187 358 1073 2960 
5188 1073 356 2960 
5189 1005 691 2961 
5190 691 1095 2961 
5191 1095 1005 2961 
5192 942 492 2962 
5193 492 1034 2962 
5194 1034 942 2962 
5195 1020 623 2963 
5196 623 1021 2963 
5197 1021 1020 2963 
5198 436 439 2964 
5199 439 1049 2964 
5200 1049 436 2964 
5201 378 381 2965 
5202 381 1087 2965 
5203 1087 378 2965 
5204 548 642 2966 
5205 642 1017 2966 
5206 1017 548 2966 
5207 848 846 2967 
5208 846 850 2967 
5209 850 848 2967 
5210 638 701 2968 
5211 701 1118 2968 
5212 1118 638 2968 
5213 788 786 2969 
5214 786 1100 2969 
5215 1100 788 2969 
5216 692 1074 2970 
5217 1074 1103 2970 
5218 1103 692 2970 
5219 563 376 2971 
5220 376 1087 2971 
5221 1087 563 2971 
5222 840 524 2972 
5223 524 990 2972 
5224 990 840 2972 
5225 350 353 2973 
5226 353 1071 2973 
5227 1071 350 2973 
5228 1057 361 2974 
5229 361 1109 2974 
5230 1109 1057 2974 
5231 663 628 2975 
5232 628 1097 2975 
5233 1097 663 2975 
5234 358 361 2976 
5235 361 1073 2976 
5236 1073 358 2976 
5237 737 590 2977 
5238 590 1066 2977 
5239 1066 737 2977 
5240 578 335 2978 
5241 335 1077 2978 
5242 1077 578 2978 
5243 333 564 2979 
5244 564 1078 2979 
5245 1078 333 2979 
5246 328 1078 2980 
5247 1078 1110 2980 
5248 1110 328 2980 
5249 598 514 2981 
5250 514 1099 2981 
5251 1099 598 2981 
5252 361 362 2982 
5253 362 1109 2982 
5254 1109 361 2982 
5255 602 601 2983 
5256 601 1088 2983 
5257 1088 602 2983 
5258 636 662 2984 
5259 662 1115 2984 
5260 1115 636 2984 
5261 287 847 2985 
5262 847 1023 2985 
5263 1023 287 2985 
5264 696 1071 2986 
5265 1071 1105 2986 
5266 1105 696 2986 
5267 482 1007 2987 
5268 1007 1100 2987 
5269 1100 482 2987 
5270 1074 587 2988 
5271 587 1103 2988 
5272 1103 1074 2988 
5273 215 216 2989 
5274 216 281 2989 
5275 281 215 2989 
5276 725 643 2990 
5277 643 1096 2990 
5278 1096 725 2990 
5279 675 910 2991 
5280 910 1076 2991 
5281 1076 675 2991 
5282 459 462 2992 
5283 462 1061 2992 
5284 1061 459 2992 
5285 481 484 2993 
5286 484 1009 2993 
5287 1009 481 2993 
5288 1078 694 2994 
5289 694 1110 2994 
5290 1110 1078 2994 
5291 1092 546 2995 
5292 546 1102 2995 
5293 1102 1092 2995 
5294 628 1035 2996 
5295 1035 1097 2996 
5296 1097 628 2996 
5297 497 495 2997 
5298 495 1075 2997 
5299 1075 497 2997 
5300 632 327 2998 
5301 327 1110 2998 
5302 1110 632 2998 
5303 571 611 2999 
5304 611 612 2999 
5305 612 571 2999 
5306 1077 634 3000 
5307 634 1107 3000 
5308 1107 1077 3000 
5309 105 106 3001 
5310 106 292 3001 
5311 292 105 3001 
5312 783 781 3002 
5313 781 1084 3002 
5314 1084 783 3002 
5315 783 1084 3003 
5316 1084 1085 3003 
5317 1085 783 3003 
5318 781 1083 3004 
5319 1083 1084 3004 
5320 1084 781 3004 
5321 549 1072 3005 
5322 1072 1098 3005 
5323 1098 549 3005 
5324 1109 553 3006 
5325 553 1120 3006 
5326 1120 1109 3006 
5327 631 698 3007 
5328 698 1098 3007 
5329 1098 631 3007 
5330 347 584 3008 
5331 584 1101 3008 
5332 1101 347 3008 
5333 353 355 3009 
5334 355 1105 3009 
5335 1105 353 3009 
5336 1071 353 3010 
5337 353 1105 3010 
5338 1105 1071 3010 
5339 1089 482 3011 
5340 482 1100 3011 
5341 1100 1089 3011 
5342 587 724 3012 
5343 724 1103 3012 
5344 1103 587 3012 
5345 695 1062 3013 
5346 1062 1101 3013 
5347 1101 695 3013 
5348 345 347 3014 
5349 347 1101 3014 
5350 1101 345 3014 
5351 1062 345 3015 
5352 345 1101 3015 
5353 1101 1062 3015 
5354 495 529 3016 
5355 529 1075 3016 
5356 1075 495 3016 
5357 355 574 3017 
5358 574 1105 3017 
5359 1105 355 3017 
5360 486 483 3018 
5361 483 1089 3018 
5362 1089 486 3018 
5363 836 835 3019 
5364 835 837 3019 
5365 837 836 3019 
5366 779 777 3020 
5367 777 1120 3020 
5368 1120 779 3020 
5369 578 1077 3021 
5370 1077 1107 3021 
5371 1107 578 3021 
5372 476 478 3022 
5373 478 1094 3022 
5374 1094 476 3022 
5375 327 328 3023 
5376 328 1110 3023 
5377 1110 327 3023 
5378 1072 631 3024 
5379 631 1098 3024 
5380 1098 1072 3024 
5381 389 970 3025 
5382 970 1113 3025 
5383 1113 389 3025 
5384 462 629 3026 
5385 629 1061 3026 
5386 1061 462 3026 
5387 483 482 3027 
5388 482 1089 3027 
5389 1089 483 3027 
5390 479 481 3028 
5391 481 1009 3028 
5392 1009 479 3028 
5393 365 553 3029 
5394 553 1109 3029 
5395 1109 365 3029 
5396 711 578 3030 
5397 578 1107 3030 
5398 1107 711 3030 
5399 756 612 3031 
5400 612 1111 3031 
5401 1111 756 3031 
5402 499 501 3032 
5403 501 1082 3032 
5404 1082 499 3032 
5405 828 766 3033 
5406 766 1076 3033 
5407 1076 828 3033 
5408 634 1067 3034 
5409 1067 1107 3034 
5410 1107 634 3034 
5411 1057 1109 3035 
5412 1109 1120 3035 
5413 1120 1057 3035 
5414 1051 476 3036 
5415 476 1094 3036 
5416 1094 1051 3036 
5417 362 365 3037 
5418 365 1109 3037 
5419 1109 362 3037 
5420 1101 584 3038 
5421 584 1119 3038 
5422 1119 1101 3038 
5423 1115 662 3039 
5424 662 1121 3039 
5425 1121 1115 3039 
5426 818 817 3040 
5427 817 819 3040 
5428 819 818 3040 
5429 626 941 3041 
5430 941 1112 3041 
5431 1112 626 3041 
5432 571 660 3042 
5433 660 1117 3042 
5434 1117 571 3042 
5435 519 571 3043 
5436 571 1117 3043 
5437 1117 519 3043 
5438 700 633 3044 
5439 633 1102 3044 
5440 1102 700 3044 
5441 214 215 3045 
5442 215 1108 3045 
5443 1108 214 3045 
5444 1068 389 3046 
5445 389 1113 3046 
5446 1113 1068 3046 
5447 819 817 3047 
5448 817 820 3047 
5449 820 819 3047 
5450 1087 636 3048 
5451 636 1115 3048 
5452 1115 1087 3048 
5453 106 107 3049 
5454 107 1091 3049 
5455 1091 106 3049 
5456 981 980 3050 
5457 980 1116 3050 
5458 1116 981 3050 
5459 129 237 3051 
5460 237 1056 3051 
5461 1056 129 3051 
5462 563 1087 3052 
5463 1087 1115 3052 
5464 1115 563 3052 
5465 1013 1056 3053 
5466 1056 1114 3053 
5467 1114 1013 3053 
5468 128 129 3054 
5469 129 1056 3054 
5470 1056 128 3054 
5471 695 1101 3055 
5472 1101 1119 3055 
5473 1119 695 3055 
5474 213 214 3056 
5475 214 291 3056 
5476 291 213 3056 
5477 654 563 3057 
5478 563 1115 3057 
5479 1115 654 3057 
5480 770 1068 3058 
5481 1068 1113 3058 
5482 1113 770 3058 
5483 589 733 3059 
5484 733 1106 3059 
5485 1106 589 3059 
5486 1082 504 3060 
5487 504 1104 3060 
5488 1104 1082 3060 
5489 766 675 3061 
5490 675 1076 3061 
5491 1076 766 3061 
5492 559 519 3062 
5493 519 1117 3062 
5494 1117 559 3062 
5495 501 504 3063 
5496 504 1082 3063 
5497 1082 501 3063 
5498 1099 638 3064 
5499 638 1118 3064 
5500 1118 1099 3064 
5501 748 695 3065 
5502 695 1119 3065 
5503 1119 748 3065 
5504 1039 589 3066 
5505 589 1106 3066 
5506 1106 1039 3066 
5507 107 282 3067 
5508 282 1091 3067 
5509 1091 107 3067 
5510 1016 1013 3068 
5511 1013 1114 3068 
5512 1114 1016 3068 
5513 506 572 3069 
5514 572 1104 3069 
5515 1104 506 3069 
5516 654 1115 3070 
5517 1115 1121 3070 
5518 1121 654 3070 
5519 1056 237 3071 
5520 237 1114 3071 
5521 1114 1056 3071 
5522 791 598 3072 
5523 598 1118 3072 
5524 1118 791 3072 
5525 598 1099 3073 
5526 1099 1118 3073 
5527 1118 598 3073 
5528 584 720 3074 
5529 720 1119 3074 
5530 1119 584 3074 
5531 292 106 3075 
5532 106 1091 3075 
5533 1091 292 3075 
5534 775 654 3076 
5535 654 1121 3076 
5536 1121 775 3076 
5537 504 506 3077 
5538 506 1104 3077 
5539 1104 504 3077 
5540 505 503 3078 
5541 503 1092 3078 
5542 1092 505 3078 
5543 503 546 3079 
5544 546 1092 3079 
5545 1092 503 3079 
5546 215 281 3080 
5547 281 1108 3080 
5548 1108 215 3080 
5549 777 1057 3081 
5550 1057 1120 3081 
5551 1120 777 3081 
5552 779 1120 3082 
5553 1120 1123 3082 
5554 1123 779 3082 
5555 291 214 3083 
5556 214 1108 3083 
5557 1108 291 3083 
5558 1117 660 3084 
5559 660 1122 3084 
5560 1122 1117 3084 
5561 1120 553 3085 
5562 553 1123 3085 
5563 1123 1120 3085 
5564 526 305 3086 
5565 305 1124 3086 
5566 1124 526 3086 
5567 817 526 3087 
5568 526 1124 3087 
5569 1124 817 3087 
5570 305 307 3088 
5571 307 1124 3088 
5572 1124 305 3088 
5573 820 817 3089 
5574 817 1124 3089 
5575 1124 820 3089 
5576 836 837 3090 
5577 837 1164 3090 
5578 1164 836 3090 
5579 923 1162 3091 
5580 1162 1296 3091 
5581 1296 923 3091 
5582 307 308 3092 
5583 308 1125 3092 
5584 1125 307 3092 
5585 311 605 3093 
5586 605 1125 3093 
5587 1125 311 3093 
5588 1125 605 3094 
5589 605 1126 3094 
5590 1126 1125 3094 
5591 823 825 3095 
5592 825 1126 3095 
5593 1126 823 3095 
5594 308 311 3096 
5595 311 1125 3096 
5596 1125 308 3096 
5597 825 1125 3097 
5598 1125 1126 3097 
5599 1126 825 3097 
5600 1132 649 3098 
5601 649 1288 3098 
5602 1288 1132 3098 
5603 90 91 3099 
5604 91 1127 3099 
5605 1127 90 3099 
5606 605 1044 3100 
5607 1044 1126 3100 
5608 1126 605 3100 
5609 201 202 3101 
5610 202 1128 3101 
5611 1128 201 3101 
5612 91 278 3102 
5613 278 1127 3102 
5614 1127 91 3102 
5615 1160 905 3103 
5616 905 1300 3103 
5617 1300 1160 3103 
5618 875 877 3104 
5619 877 1129 3104 
5620 1129 875 3104 
5621 873 872 3105 
5622 872 1129 3105 
5623 1129 873 3105 
5624 151 152 3106 
5625 152 1130 3106 
5626 1130 151 3106 
5627 202 268 3107 
5628 268 1128 3107 
5629 1128 202 3107 
5630 800 72 3108 
5631 72 1234 3108 
5632 1234 800 3108 
5633 873 1132 3109 
5634 1132 1288 3109 
5635 1288 873 3109 
5636 40 41 3110 
5637 41 1131 3110 
5638 1131 40 3110 
5639 237 795 3111 
5640 795 1220 3111 
5641 1220 237 3111 
5642 969 460 3112 
5643 460 1132 3112 
5644 1132 969 3112 
5645 1029 649 3113 
5646 649 1132 3113 
5647 1132 1029 3113 
5648 309 306 3114 
5649 306 1133 3114 
5650 1133 309 3114 
5651 304 552 3115 
5652 552 1133 3115 
5653 1133 304 3115 
5654 38 39 3116 
5655 39 1134 3116 
5656 1134 38 3116 
5657 149 150 3117 
5658 150 1135 3117 
5659 1135 149 3117 
5660 1171 999 3118 
5661 999 1295 3118 
5662 1295 1171 3118 
5663 798 183 3119 
5664 183 1235 3119 
5665 1235 798 3119 
5666 872 875 3120 
5667 875 1129 3120 
5668 1129 872 3120 
5669 244 151 3121 
5670 151 1130 3121 
5671 1130 244 3121 
5672 203 204 3122 
5673 204 1136 3122 
5674 1136 203 3122 
5675 930 975 3123 
5676 975 1137 3123 
5677 1137 930 3123 
5678 228 40 3124 
5679 40 1131 3124 
5680 1131 228 3124 
5681 868 280 3125 
5682 280 1222 3125 
5683 1222 868 3125 
5684 531 877 3126 
5685 877 1285 3126 
5686 1285 531 3126 
5687 92 93 3127 
5688 93 1138 3127 
5689 1138 92 3127 
5690 883 884 3128 
5691 884 1139 3128 
5692 1139 883 3128 
5693 889 886 3129 
5694 886 1139 3129 
5695 1139 889 3129 
5696 847 849 3130 
5697 849 1140 3130 
5698 1140 847 3130 
5699 229 1023 3131 
5700 1023 1140 3131 
5701 1140 229 3131 
5702 460 1029 3132 
5703 1029 1132 3132 
5704 1132 460 3132 
5705 1172 1044 3133 
5706 1044 1293 3133 
5707 1293 1172 3133 
5708 306 304 3134 
5709 304 1133 3134 
5710 1133 306 3134 
5711 57 58 3135 
5712 58 1141 3135 
5713 1141 57 3135 
5714 39 228 3136 
5715 228 1134 3136 
5716 1134 39 3136 
5717 150 244 3137 
5718 244 1135 3137 
5719 1135 150 3137 
5720 170 796 3138 
5721 796 1237 3138 
5722 1237 170 3138 
5723 877 876 3139 
5724 876 1142 3139 
5725 1142 877 3139 
5726 1165 243 3140 
5727 243 1294 3140 
5728 1294 1165 3140 
5729 891 1088 3141 
5730 1088 1195 3141 
5731 1195 891 3141 
5732 1162 227 3142 
5733 227 1296 3142 
5734 1296 1162 3142 
5735 850 853 3143 
5736 853 1143 3143 
5737 1143 850 3143 
5738 854 857 3144 
5739 857 1143 3144 
5740 1143 854 3144 
5741 882 892 3145 
5742 892 1144 3145 
5743 1144 882 3145 
5744 884 881 3146 
5745 881 1144 3146 
5746 1144 884 3146 
5747 291 826 3147 
5748 826 1145 3147 
5749 1145 291 3147 
5750 212 213 3148 
5751 213 1145 3148 
5752 1145 212 3148 
5753 5 6 3149 
5754 6 1146 3149 
5755 1146 5 3149 
5756 104 105 3150 
5757 105 1147 3150 
5758 1147 104 3150 
5759 245 1160 3151 
5760 1160 1300 3151 
5761 1300 245 3151 
5762 1047 920 3152 
5763 920 1225 3152 
5764 1225 1047 3152 
5765 271 800 3153 
5766 800 1219 3153 
5767 1219 271 3153 
5768 268 203 3154 
5769 203 1136 3154 
5770 1136 268 3154 
5771 139 140 3155 
5772 140 1148 3155 
5773 1148 139 3155 
5774 975 527 3156 
5775 527 1137 3156 
5776 1137 975 3156 
5777 645 644 3157 
5778 644 1149 3157 
5779 1149 645 3157 
5780 28 29 3158 
5781 29 1150 3158 
5782 1150 28 3158 
5783 278 92 3159 
5784 92 1138 3159 
5785 1138 278 3159 
5786 1000 747 3160 
5787 747 1224 3160 
5788 1224 1000 3160 
5789 715 1015 3161 
5790 1015 1274 3161 
5791 1274 715 3161 
5792 161 162 3162 
5793 162 1152 3162 
5794 1152 161 3162 
5795 232 931 3163 
5796 931 1191 3163 
5797 1191 232 3163 
5798 886 883 3164 
5799 883 1139 3164 
5800 1139 886 3164 
5801 191 192 3165 
5802 192 1153 3165 
5803 1153 191 3165 
5804 80 81 3166 
5805 81 1154 3166 
5806 1154 80 3166 
5807 767 992 3167 
5808 992 1221 3167 
5809 1221 767 3167 
5810 889 1027 3168 
5811 1027 1278 3168 
5812 1278 889 3168 
5813 922 1176 3169 
5814 1176 1297 3169 
5815 1297 922 3169 
5816 1023 847 3170 
5817 847 1140 3170 
5818 1140 1023 3170 
5819 987 986 3171 
5820 986 1263 3171 
5821 1263 987 3171 
5822 794 20 3172 
5823 20 1241 3172 
5824 1241 794 3172 
5825 57 1141 3173 
5826 1141 1201 3173 
5827 1201 57 3173 
5828 879 902 3174 
5829 902 1155 3174 
5830 1155 879 3174 
5831 69 70 3175 
5832 70 1156 3175 
5833 1156 69 3175 
5834 279 1171 3176 
5835 1171 1295 3176 
5836 1295 279 3176 
5837 796 251 3177 
5838 251 1252 3177 
5839 1252 796 3177 
5840 670 953 3178 
5841 953 1166 3178 
5842 1166 670 3178 
5843 58 265 3179 
5844 265 1141 3179 
5845 1141 58 3179 
5846 795 131 3180 
5847 131 1242 3180 
5848 1242 795 3180 
5849 699 632 3181 
5850 632 1157 3181 
5851 1157 699 3181 
5852 1110 694 3182 
5853 694 1157 3182 
5854 1157 1110 3182 
5855 541 959 3183 
5856 959 1279 3183 
5857 1279 541 3183 
5858 17 18 3184 
5859 18 1158 3184 
5860 1158 17 3184 
5861 266 1172 3185 
5862 1172 1293 3185 
5863 1293 266 3185 
5864 276 867 3186 
5865 867 1211 3186 
5866 1211 276 3186 
5867 773 809 3187 
5868 809 1227 3187 
5869 1227 773 3187 
5870 16 17 3188 
5871 17 1159 3188 
5872 1159 16 3188 
5873 1027 645 3189 
5874 645 1278 3189 
5875 1278 1027 3189 
5876 1138 93 3190 
5877 93 1202 3190 
5878 1202 1138 3190 
5879 1097 905 3191 
5880 905 1160 3191 
5881 1160 1097 3191 
5882 810 663 3192 
5883 663 1160 3192 
5884 1160 810 3192 
5885 647 696 3193 
5886 696 1161 3193 
5887 1161 647 3193 
5888 1136 204 3194 
5889 204 1203 3194 
5890 1203 1136 3194 
5891 876 879 3195 
5892 879 1142 3195 
5893 1142 876 3195 
5894 923 842 3196 
5895 842 1162 3196 
5896 1162 923 3196 
5897 848 850 3197 
5898 850 1163 3197 
5899 1163 848 3197 
5900 125 797 3198 
5901 797 1245 3198 
5902 1245 125 3198 
5903 667 807 3199 
5904 807 1165 3199 
5905 1165 667 3199 
5906 1022 1021 3200 
5907 1021 1165 3200 
5908 1165 1022 3200 
5909 387 852 3201 
5910 852 1272 3201 
5911 1272 387 3201 
5912 853 854 3202 
5913 854 1143 3202 
5914 1143 853 3202 
5915 574 670 3203 
5916 670 1166 3203 
5917 1166 574 3203 
5918 696 1105 3204 
5919 1105 1166 3204 
5920 1166 696 3204 
5921 68 69 3205 
5922 69 1167 3205 
5923 1167 68 3205 
5924 940 939 3206 
5925 939 1168 3206 
5926 1168 940 3206 
5927 676 674 3207 
5928 674 1170 3207 
5929 1170 676 3207 
5930 700 999 3208 
5931 999 1171 3208 
5932 1171 700 3208 
5933 881 882 3209 
5934 882 1144 3209 
5935 1144 881 3209 
5936 806 257 3210 
5937 257 1226 3210 
5938 1226 806 3210 
5939 1043 666 3211 
5940 666 1173 3211 
5941 1173 1043 3211 
5942 149 1135 3212 
5943 1135 1205 3212 
5944 1205 149 3212 
5945 913 914 3213 
5946 914 1174 3213 
5947 1174 913 3213 
5948 649 648 3214 
5949 648 1175 3214 
5950 1175 649 3214 
5951 14 932 3215 
5952 932 1246 3215 
5953 1246 14 3215 
5954 38 1134 3216 
5955 1134 1206 3216 
5956 1206 38 3216 
5957 922 972 3217 
5958 972 1176 3217 
5959 1176 922 3217 
5960 678 865 3218 
5961 865 1162 3218 
5962 1162 678 3218 
5963 81 82 3219 
5964 82 1177 3219 
5965 1177 81 3219 
5966 673 671 3220 
5967 671 1178 3220 
5968 1178 673 3220 
5969 699 966 3221 
5970 966 1209 3221 
5971 1209 699 3221 
5972 192 193 3222 
5973 193 1180 3222 
5974 1180 192 3222 
5975 213 291 3223 
5976 291 1145 3223 
5977 1145 213 3223 
5978 6 1042 3224 
5979 1042 1146 3224 
5980 1146 6 3224 
5981 105 292 3225 
5982 292 1147 3225 
5983 1147 105 3225 
5984 983 982 3226 
5985 982 1181 3226 
5986 1181 983 3226 
5987 160 161 3227 
5988 161 1182 3227 
5989 1182 160 3227 
5990 806 758 3228 
5991 758 1228 3228 
5992 1228 806 3228 
5993 540 1016 3229 
5994 1016 1276 3229 
5995 1276 540 3229 
5996 660 755 3230 
5997 755 1183 3230 
5998 1183 660 3230 
5999 837 705 3231 
6000 705 1184 3231 
6001 1184 837 3231 
6002 579 713 3232 
6003 713 1185 3232 
6004 1185 579 3232 
6005 373 375 3233 
6006 375 1185 3233 
6007 1185 373 3233 
6008 1131 41 3234 
6009 41 1208 3234 
6010 1208 1131 3234 
6011 283 822 3235 
6012 822 1259 3235 
6013 1259 283 3235 
6014 739 901 3236 
6015 901 1217 3236 
6016 1217 739 3236 
6017 29 30 3237 
6018 30 1186 3237 
6019 1186 29 3237 
6020 804 708 3238 
6021 708 1187 3238 
6022 1187 804 3238 
6023 1063 938 3239 
6024 938 1187 3239 
6025 1187 1063 3239 
6026 254 798 3240 
6027 798 1256 3240 
6028 1256 254 3240 
6029 140 141 3241 
6030 141 1188 3241 
6031 1188 140 3241 
6032 670 668 3242 
6033 668 1189 3242 
6034 1189 670 3242 
6035 706 843 3243 
6036 843 1190 3243 
6037 1190 706 3243 
6038 863 707 3244 
6039 707 1190 3244 
6040 1190 863 3244 
6041 1130 152 3245 
6042 152 1210 3245 
6043 1210 1130 3245 
6044 982 11 3246 
6045 11 1191 3246 
6046 1191 982 3246 
6047 12 232 3247 
6048 232 1191 3247 
6049 1191 12 3247 
6050 1141 741 3248 
6051 741 1201 3248 
6052 1201 1141 3248 
6053 684 673 3249 
6054 673 1192 3249 
6055 1192 684 3249 
6056 1142 879 3250 
6057 879 1286 3250 
6058 1286 1142 3250 
6059 709 803 3251 
6060 803 1193 3251 
6061 1193 709 3251 
6062 977 710 3252 
6063 710 1193 3252 
6064 1193 977 3252 
6065 115 289 3253 
6066 289 1194 3253 
6067 1194 115 3253 
6068 1126 1044 3254 
6069 1044 1172 3254 
6070 1172 1126 3254 
6071 937 252 3255 
6072 252 1204 3255 
6073 1204 937 3255 
6074 240 139 3256 
6075 139 1148 3256 
6076 1148 240 3256 
6077 802 711 3257 
6078 711 1196 3257 
6079 1196 802 3257 
6080 1107 1067 3258 
6081 1067 1196 3258 
6082 1196 1107 3258 
6083 914 915 3259 
6084 915 1197 3259 
6085 1197 914 3259 
6086 666 664 3260 
6087 664 1198 3260 
6088 1198 666 3260 
6089 1112 941 3261 
6090 941 1199 3261 
6091 1199 1112 3261 
6092 801 788 3262 
6093 788 1199 3262 
6094 1199 801 3262 
6095 824 823 3263 
6096 823 1172 3263 
6097 1172 824 3263 
6098 1086 676 3264 
6099 676 1200 3264 
6100 1200 1086 3264 
6101 248 809 3265 
6102 809 1229 3265 
6103 1229 248 3265 
6104 264 56 3266 
6105 56 1201 3266 
6106 1201 264 3266 
6107 738 1138 3267 
6108 1138 1202 3267 
6109 1202 738 3267 
6110 644 739 3268 
6111 739 1149 3268 
6112 1149 644 3268 
6113 201 1128 3269 
6114 1128 1213 3269 
6115 1213 201 3269 
6116 224 28 3270 
6117 28 1150 3270 
6118 1150 224 3270 
6119 1183 755 3271 
6120 755 1301 3271 
6121 1301 1183 3271 
6122 736 1136 3272 
6123 1136 1203 3272 
6124 1203 736 3272 
6125 94 279 3273 
6126 279 1202 3273 
6127 1202 94 3273 
6128 205 266 3274 
6129 266 1203 3274 
6130 1203 205 3274 
6131 113 114 3275 
6132 114 1151 3275 
6133 1151 113 3275 
6134 1135 734 3276 
6135 734 1205 3276 
6136 1205 1135 3276 
6137 90 1127 3277 
6138 1127 1214 3277 
6139 1214 90 3277 
6140 662 769 3278 
6141 769 1204 3278 
6142 1204 662 3278 
6143 1134 732 3279 
6144 732 1206 3279 
6145 1206 1134 3279 
6146 1027 889 3280 
6147 889 1273 3280 
6148 1273 1027 3280 
6149 243 148 3281 
6150 148 1205 3281 
6151 1205 243 3281 
6152 227 37 3282 
6153 37 1206 3282 
6154 1206 227 3282 
6155 907 908 3283 
6156 908 1207 3283 
6157 1207 907 3283 
6158 927 932 3284 
6159 932 1207 3284 
6160 1207 927 3284 
6161 729 1131 3285 
6162 1131 1208 3285 
6163 1208 729 3285 
6164 42 229 3286 
6165 229 1208 3286 
6166 1208 42 3286 
6167 698 699 3287 
6168 699 1209 3287 
6169 1209 698 3287 
6170 153 245 3288 
6171 245 1210 3288 
6172 1210 153 3288 
6173 727 1130 3289 
6174 1130 1210 3289 
6175 1210 727 3289 
6176 682 618 3290 
6177 618 1211 3290 
6178 1211 682 3290 
6179 841 759 3291 
6180 759 1212 3291 
6181 1212 841 3291 
6182 794 716 3292 
6183 716 1212 3292 
6184 1212 794 3292 
6185 263 200 3293 
6186 200 1213 3293 
6187 1213 263 3293 
6188 1128 725 3294 
6189 725 1213 3294 
6190 1213 1128 3294 
6191 277 89 3295 
6192 89 1214 3295 
6193 1214 277 3295 
6194 493 496 3296 
6195 496 1215 3296 
6196 1215 493 3296 
6197 540 491 3297 
6198 491 1215 3297 
6199 1215 540 3297 
6200 1127 730 3298 
6201 730 1214 3298 
6202 1214 1127 3298 
6203 856 859 3299 
6204 859 1216 3299 
6205 1216 856 3299 
6206 901 60 3300 
6207 60 1217 3300 
6208 1217 901 3300 
6209 61 267 3301 
6210 267 1217 3301 
6211 1217 61 3301 
6212 1079 753 3302 
6213 753 1219 3302 
6214 1219 1079 3302 
6215 800 719 3303 
6216 719 1219 3303 
6217 1219 800 3303 
6218 992 119 3304 
6219 119 1221 3304 
6220 1221 992 3304 
6221 120 234 3305 
6222 234 1221 3305 
6223 1221 120 3305 
6224 1118 701 3306 
6225 701 1222 3306 
6226 1222 1118 3306 
6227 239 136 3307 
6228 136 1224 3307 
6229 1224 239 3307 
6230 137 1000 3308 
6231 1000 1224 3308 
6232 1224 137 3308 
6233 26 1047 3309 
6234 1047 1225 3309 
6235 1225 26 3309 
6236 223 25 3310 
6237 25 1225 3310 
6238 1225 223 3310 
6239 720 806 3311 
6240 806 1226 3311 
6241 1226 720 3311 
6242 748 1119 3312 
6243 1119 1226 3312 
6244 1226 748 3312 
6245 165 249 3313 
6246 249 1227 3313 
6247 1227 165 3313 
6248 256 188 3314 
6249 188 1228 3314 
6250 1228 256 3314 
6251 1116 980 3315 
6252 980 1229 3315 
6253 1229 1116 3315 
6254 809 774 3316 
6255 774 1229 3316 
6256 1229 809 3316 
6257 697 596 3317 
6258 596 1230 3317 
6259 1230 697 3317 
6260 552 1081 3318 
6261 1081 1283 3318 
6262 1283 552 3318 
6263 974 703 3319 
6264 703 1231 3319 
6265 1231 974 3319 
6266 210 295 3320 
6267 295 1232 3320 
6268 1232 210 3320 
6269 283 209 3321 
6270 209 1232 3321 
6271 1232 283 3321 
6272 144 242 3322 
6273 242 1233 3322 
6274 1233 144 3322 
6275 73 272 3323 
6276 272 1234 3323 
6277 1234 73 3323 
6278 162 248 3324 
6279 248 1152 3324 
6280 1152 162 3324 
6281 184 255 3325 
6282 255 1235 3325 
6283 1235 184 3325 
6284 33 226 3326 
6285 226 1236 3326 
6286 1236 33 3326 
6287 250 169 3327 
6288 169 1237 3327 
6289 1237 250 3327 
6290 246 157 3328 
6291 157 1238 3328 
6292 1238 246 3328 
6293 744 745 3329 
6294 745 1239 3329 
6295 1239 744 3329 
6296 196 259 3330 
6297 259 1240 3330 
6298 1240 196 3330 
6299 21 222 3331 
6300 222 1241 3331 
6301 1241 21 3331 
6302 132 238 3332 
6303 238 1242 3332 
6304 1242 132 3332 
6305 85 276 3333 
6306 276 1243 3333 
6307 1243 85 3333 
6308 742 1002 3334 
6309 1002 1244 3334 
6310 1244 742 3334 
6311 235 124 3335 
6312 124 1245 3335 
6313 1245 235 3335 
6314 232 13 3336 
6315 13 1246 3336 
6316 1246 232 3336 
6317 252 176 3337 
6318 176 1247 3337 
6319 1247 252 3337 
6320 694 655 3338 
6321 655 1248 3338 
6322 1248 694 3338 
6323 829 1122 3339 
6324 1122 1249 3339 
6325 1249 829 3339 
6326 704 599 3340 
6327 599 1250 3340 
6328 1250 704 3340 
6329 658 1054 3341 
6330 1054 1251 3341 
6331 1251 658 3341 
6332 769 770 3342 
6333 770 1168 3342 
6334 1168 769 3342 
6335 807 146 3343 
6336 146 1304 3343 
6337 1304 807 3343 
6338 1052 740 3344 
6339 740 1253 3344 
6340 1253 1052 3344 
6341 850 1143 3345 
6342 1143 1291 3345 
6343 1291 850 3345 
6344 737 1066 3346 
6345 1066 1254 3346 
6346 1254 737 3346 
6347 950 545 3347 
6348 545 1216 3347 
6349 1216 950 3347 
6350 735 1103 3348 
6351 1103 1255 3348 
6352 1255 735 3348 
6353 1106 733 3349 
6354 733 1257 3349 
6355 1257 1106 3349 
6356 860 731 3350 
6357 731 1258 3350 
6358 1258 860 3350 
6359 943 1169 3351 
6360 1169 1303 3351 
6361 1303 943 3351 
6362 852 851 3352 
6363 851 1272 3352 
6364 1272 852 3352 
6365 290 1050 3353 
6366 1050 1260 3353 
6367 1260 290 3353 
6368 155 810 3354 
6369 810 1299 3354 
6370 1299 155 3354 
6371 1176 264 3355 
6372 264 1297 3355 
6373 1297 1176 3355 
6374 601 1026 3356 
6375 1026 1195 3356 
6376 1195 601 3356 
6377 961 541 3357 
6378 541 1271 3357 
6379 1271 961 3357 
6380 257 191 3358 
6381 191 1153 3358 
6382 1153 257 3358 
6383 994 235 3359 
6384 235 1200 3359 
6385 1200 994 3359 
6386 541 368 3360 
6387 368 1271 3360 
6388 1271 541 3360 
6389 370 373 3361 
6390 373 1271 3361 
6391 1271 370 3361 
6392 274 80 3362 
6393 80 1154 3362 
6394 1154 274 3362 
6395 859 261 3363 
6396 261 1179 3363 
6397 1179 859 3363 
6398 391 388 3364 
6399 388 1272 3364 
6400 1272 391 3364 
6401 971 1027 3365 
6402 1027 1273 3365 
6403 1273 971 3365 
6404 496 498 3366 
6405 498 1274 3366 
6406 1274 496 3366 
6407 580 715 3367 
6408 715 1274 3367 
6409 1274 580 3367 
6410 177 799 3368 
6411 799 1247 3368 
6412 1247 177 3368 
6413 1085 550 3369 
6414 550 1276 3369 
6415 1276 1085 3369 
6416 490 540 3370 
6417 540 1276 3370 
6418 1276 490 3370 
6419 761 800 3371 
6420 800 1234 3371 
6421 1234 761 3371 
6422 238 995 3372 
6423 995 1198 3372 
6424 1198 238 3372 
6425 367 541 3373 
6426 541 1279 3373 
6427 1279 367 3373 
6428 1123 553 3374 
6429 553 1279 3374 
6430 1279 1123 3374 
6431 4 212 3375 
6432 212 1280 3375 
6433 1280 4 3375 
6434 220 1 3376 
6435 1 1281 3376 
6436 1281 220 3376 
6437 1 5 3377 
6438 5 1281 3377 
6439 1281 1 3377 
6440 2 104 3378 
6441 104 1282 3378 
6442 1282 2 3378 
6443 103 2 3379 
6444 2 1282 3379 
6445 1282 103 3379 
6446 211 4 3380 
6447 4 1280 3380 
6448 1280 211 3380 
6449 146 147 3381 
6450 147 1304 3381 
6451 1304 146 3381 
6452 222 1055 3382 
6453 1055 1197 3382 
6454 1197 222 3382 
6455 154 155 3383 
6456 155 1299 3383 
6457 1299 154 3383 
6458 466 531 3384 
6459 531 1285 3384 
6460 1285 466 3384 
6461 714 797 3385 
6462 797 1218 3385 
6463 1218 714 3385 
6464 545 397 3386 
6465 397 1287 3386 
6466 1287 545 3386 
6467 208 283 3387 
6468 283 1259 3387 
6469 1259 208 3387 
6470 778 798 3388 
6471 798 1235 3388 
6472 1235 778 3388 
6473 437 522 3389 
6474 522 1290 3389 
6475 1290 437 3389 
6476 1026 1025 3390 
6477 1025 1289 3390 
6478 1289 1026 3390 
6479 943 893 3391 
6480 893 1169 3391 
6481 1169 943 3391 
6482 902 274 3392 
6483 274 1155 3392 
6484 1155 902 3392 
6485 70 271 3393 
6486 271 1156 3393 
6487 1156 70 3393 
6488 112 3 3394 
6489 3 1284 3394 
6490 1284 112 3394 
6491 3 113 3395 
6492 113 1284 3395 
6493 1284 3 3395 
6494 795 783 3396 
6495 783 1220 3396 
6496 1220 795 3396 
6497 1004 250 3397 
6498 250 1192 3397 
6499 1192 1004 3397 
6500 893 682 3398 
6501 682 1169 3398 
6502 1169 893 3398 
6503 1169 277 3399 
6504 277 1303 3399 
6505 1303 1169 3399 
6506 796 762 3400 
6507 762 1237 3400 
6508 1237 796 3400 
6509 255 951 3401 
6510 951 1189 3401 
6511 1189 255 3401 
6512 852 642 3402 
6513 642 1277 3402 
6514 1277 852 3402 
6515 1143 562 3403 
6516 562 1291 3403 
6517 1291 1143 3403 
6518 1012 715 3404 
6519 715 1218 3404 
6520 1218 1012 3404 
6521 632 1110 3405 
6522 1110 1157 3405 
6523 1157 632 3405 
6524 1137 527 3406 
6525 527 1263 3406 
6526 1263 1137 3406 
6527 757 1151 3407 
6528 1151 1194 3407 
6529 1194 757 3407 
6530 849 852 3408 
6531 852 1277 3408 
6532 1277 849 3408 
6533 18 221 3409 
6534 221 1158 3409 
6535 1158 18 3409 
6536 289 1010 3410 
6537 1010 1183 3410 
6538 1183 289 3410 
6539 897 284 3411 
6540 284 1184 3411 
6541 1184 897 3411 
6542 1151 114 3412 
6543 114 1194 3412 
6544 1194 1151 3412 
6545 805 242 3413 
6546 242 1261 3413 
6547 1261 805 3413 
6548 717 796 3414 
6549 796 1252 3414 
6550 1252 717 3414 
6551 884 1144 3415 
6552 1144 1290 3415 
6553 1290 884 3415 
6554 1085 1114 3416 
6555 1114 1220 3416 
6556 1220 1085 3416 
6557 801 84 3417 
6558 84 1243 3417 
6559 1243 801 3417 
6560 763 794 3418 
6561 794 1241 3418 
6562 1241 763 3418 
6563 864 226 3419 
6564 226 1262 3419 
6565 1262 864 3419 
6566 230 16 3420 
6567 16 1159 3420 
6568 1159 230 3420 
6569 802 195 3421 
6570 195 1240 3421 
6571 1240 802 3421 
6572 782 795 3422 
6573 795 1242 3422 
6574 1242 782 3422 
6575 663 1097 3423 
6576 1097 1160 3423 
6577 1160 663 3423 
6578 758 647 3424 
6579 647 1161 3424 
6580 1161 758 3424 
6581 249 1003 3425 
6582 1003 1178 3425 
6583 1178 249 3425 
6584 261 899 3426 
6585 899 1179 3426 
6586 1179 261 3426 
6587 798 779 3427 
6588 779 1256 3427 
6589 1256 798 3427 
6590 712 799 3428 
6591 799 1223 3428 
6592 1223 712 3428 
6593 894 264 3429 
6594 264 1176 3429 
6595 1176 894 3429 
6596 797 764 3430 
6597 764 1245 3430 
6598 1245 797 3430 
6599 842 678 3431 
6600 678 1162 3431 
6601 1162 842 3431 
6602 1045 223 3432 
6603 223 1174 3432 
6604 1174 1045 3432 
6605 851 848 3433 
6606 848 1163 3433 
6607 1163 851 3433 
6608 838 296 3434 
6609 296 1164 3434 
6610 1164 838 3434 
6611 1021 667 3435 
6612 667 1165 3435 
6613 1165 1021 3435 
6614 1144 892 3436 
6615 892 1289 3436 
6616 1289 1144 3436 
6617 1001 239 3437 
6618 239 1173 3437 
6619 1173 1001 3437 
6620 226 34 3438 
6621 34 1262 3438 
6622 1262 226 3438 
6623 932 929 3439 
6624 929 1246 3439 
6625 1246 932 3439 
6626 289 1183 3440 
6627 1183 1301 3440 
6628 1301 289 3440 
6629 158 803 3441 
6630 803 1238 3441 
6631 1238 158 3441 
6632 234 993 3442 
6633 993 1170 3442 
6634 1170 234 3442 
6635 279 869 3443 
6636 869 1171 3443 
6637 1171 279 3443 
6638 1105 574 3444 
6639 574 1166 3444 
6640 1166 1105 3444 
6641 270 68 3445 
6642 68 1167 3445 
6643 1167 270 3445 
6644 939 288 3446 
6645 288 1168 3446 
6646 1168 939 3446 
6647 866 277 3447 
6648 277 1169 3447 
6649 1169 866 3447 
6650 674 765 3448 
6651 765 1170 3448 
6652 1170 674 3448 
6653 701 700 3449 
6654 700 1171 3449 
6655 1171 701 3449 
6656 940 718 3450 
6657 718 1252 3450 
6658 1252 940 3450 
6659 946 1043 3451 
6660 1043 1173 3451 
6661 1173 946 3451 
6662 823 1126 3452 
6663 1126 1172 3452 
6664 1172 823 3452 
6665 921 913 3453 
6666 913 1174 3453 
6667 1174 921 3453 
6668 648 761 3454 
6669 761 1175 3454 
6670 1175 648 3454 
6671 972 697 3455 
6672 697 1176 3455 
6673 1176 972 3455 
6674 82 275 3456 
6675 275 1177 3456 
6676 1177 82 3456 
6677 671 771 3457 
6678 771 1178 3457 
6679 1178 671 3457 
6680 703 702 3458 
6681 702 1179 3458 
6682 1179 703 3458 
6683 863 32 3459 
6684 32 1236 3459 
6685 1236 863 3459 
6686 193 258 3460 
6687 258 1180 3460 
6688 1180 193 3460 
6689 242 145 3461 
6690 145 1261 3461 
6691 1261 242 3461 
6692 1123 957 3462 
6693 957 1256 3462 
6694 1256 1123 3462 
6695 1144 520 3463 
6696 520 1290 3463 
6697 1290 1144 3463 
6698 966 263 3464 
6699 263 1209 3464 
6700 1209 966 3464 
6701 246 808 3465 
6702 808 1270 3465 
6703 1270 246 3465 
6704 804 143 3466 
6705 143 1233 3466 
6706 1233 804 3466 
6707 986 983 3467 
6708 983 1181 3467 
6709 1181 986 3467 
6710 247 160 3468 
6711 160 1182 3468 
6712 1182 247 3468 
6713 799 775 3469 
6714 775 1247 3469 
6715 1247 799 3469 
6716 1088 601 3470 
6717 601 1195 3470 
6718 1195 1088 3470 
6719 1122 660 3471 
6720 660 1183 3471 
6721 1183 1122 3471 
6722 705 704 3472 
6723 704 1184 3472 
6724 1184 705 3472 
6725 985 987 3473 
6726 987 1283 3473 
6727 1283 985 3473 
6728 375 579 3474 
6729 579 1185 3474 
6730 1185 375 3474 
6731 810 155 3475 
6732 155 1270 3475 
6733 1270 810 3475 
6734 962 713 3476 
6735 713 1223 3476 
6736 1223 962 3476 
6737 30 225 3477 
6738 225 1186 3477 
6739 1186 30 3477 
6740 1143 857 3478 
6741 857 1287 3478 
6742 1287 1143 3478 
6743 708 1063 3479 
6744 1063 1187 3479 
6745 1187 708 3479 
6746 146 807 3480 
6747 807 1261 3480 
6748 1261 146 3480 
6749 141 241 3481 
6750 241 1188 3481 
6751 1188 141 3481 
6752 713 712 3482 
6753 712 1223 3482 
6754 1223 713 3482 
6755 668 776 3483 
6756 776 1189 3483 
6757 1189 668 3483 
6758 707 706 3484 
6759 706 1190 3484 
6760 1190 707 3484 
6761 984 1081 3485 
6762 1081 1260 3485 
6763 1260 984 3485 
6764 11 12 3486 
6765 12 1191 3486 
6766 1191 11 3486 
6767 998 684 3487 
6768 684 1192 3487 
6769 1192 998 3487 
6770 156 246 3488 
6771 246 1270 3488 
6772 1270 156 3488 
6773 710 709 3489 
6774 709 1193 3489 
6775 1193 710 3489 
6776 114 115 3490 
6777 115 1194 3490 
6778 1194 114 3490 
6779 520 1144 3491 
6780 1144 1289 3491 
6781 1289 520 3491 
6782 892 891 3492 
6783 891 1195 3492 
6784 1195 892 3492 
6785 155 156 3493 
6786 156 1270 3493 
6787 1270 155 3493 
6788 711 1107 3494 
6789 1107 1196 3494 
6790 1196 711 3494 
6791 915 934 3495 
6792 934 1197 3495 
6793 1197 915 3495 
6794 987 1133 3496 
6795 1133 1283 3496 
6796 1283 987 3496 
6797 664 780 3497 
6798 780 1198 3497 
6799 1198 664 3497 
6800 788 1112 3498 
6801 1112 1199 3498 
6802 1199 788 3498 
6803 844 1086 3499 
6804 1086 1200 3499 
6805 1200 844 3499 
6806 787 801 3500 
6807 801 1243 3500 
6808 1243 787 3500 
6809 56 57 3501 
6810 57 1201 3501 
6811 1201 56 3501 
6812 969 1132 3502 
6813 1132 1275 3502 
6814 1275 969 3502 
6815 531 969 3503 
6816 969 1275 3503 
6817 1275 531 3503 
6818 784 802 3504 
6819 802 1240 3504 
6820 1240 784 3504 
6821 145 146 3505 
6822 146 1261 3505 
6823 1261 145 3505 
6824 93 94 3506 
6825 94 1202 3506 
6826 1202 93 3506 
6827 35 865 3507 
6828 865 1262 3507 
6829 1262 35 3507 
6830 204 205 3508 
6831 205 1203 3508 
6832 1203 204 3508 
6833 1121 662 3509 
6834 662 1204 3509 
6835 1204 1121 3509 
6836 715 714 3510 
6837 714 1218 3510 
6838 1218 715 3510 
6839 783 1085 3511 
6840 1085 1220 3511 
6841 1220 783 3511 
6842 877 1142 3512 
6843 1142 1285 3512 
6844 1285 877 3512 
6845 718 717 3513 
6846 717 1252 3513 
6847 1252 718 3513 
6848 779 1123 3514 
6849 1123 1256 3514 
6850 1256 779 3514 
6851 1081 1070 3515 
6852 1070 1260 3515 
6853 1260 1081 3515 
6854 148 149 3516 
6855 149 1205 3516 
6856 1205 148 3516 
6857 37 38 3517 
6858 38 1206 3517 
6859 1206 37 3517 
6860 803 792 3518 
6861 792 1238 3518 
6862 1238 803 3518 
6863 908 927 3519 
6864 927 1207 3519 
6865 1207 908 3519 
6866 1129 531 3520 
6867 531 1275 3520 
6868 1275 1129 3520 
6869 41 42 3521 
6870 42 1208 3521 
6871 1208 41 3521 
6872 1096 698 3522 
6873 698 1209 3522 
6874 1209 1096 3522 
6875 152 153 3523 
6876 153 1210 3523 
6877 1210 152 3523 
6878 618 785 3524 
6879 785 1211 3524 
6880 1211 618 3524 
6881 716 841 3525 
6882 841 1212 3525 
6883 1212 716 3525 
6884 200 201 3526 
6885 201 1213 3526 
6886 1213 200 3526 
6887 1132 873 3527 
6888 873 1275 3527 
6889 1275 1132 3527 
6890 89 90 3528 
6891 90 1214 3528 
6892 1214 89 3528 
6893 491 493 3529 
6894 493 1215 3529 
6895 1215 491 3529 
6896 857 856 3530 
6897 856 1216 3530 
6898 1216 857 3530 
6899 824 207 3531 
6900 207 1259 3531 
6901 1259 824 3531 
6902 60 61 3532 
6903 61 1217 3532 
6904 1217 60 3532 
6905 862 863 3533 
6906 863 1236 3533 
6907 1236 862 3533 
6908 236 1012 3534 
6909 1012 1218 3534 
6910 1218 236 3534 
6911 253 962 3535 
6912 962 1223 3535 
6913 1223 253 3535 
6914 1165 807 3536 
6915 807 1304 3536 
6916 1304 1165 3536 
6917 719 1079 3537 
6918 1079 1219 3537 
6919 1219 719 3537 
6920 793 804 3538 
6921 804 1233 3538 
6922 1233 793 3538 
6923 34 35 3539 
6924 35 1262 3539 
6925 1262 34 3539 
6926 1114 237 3540 
6927 237 1220 3540 
6928 1220 1114 3540 
6929 119 120 3541 
6930 120 1221 3541 
6931 1221 119 3541 
6932 791 1118 3542 
6933 1118 1222 3542 
6934 1222 791 3542 
6935 136 137 3543 
6936 137 1224 3543 
6937 1224 136 3543 
6938 25 26 3544 
6939 26 1225 3544 
6940 1225 25 3544 
6941 562 1143 3545 
6942 1143 1287 3545 
6943 1287 562 3545 
6944 1119 720 3546 
6945 720 1226 3546 
6946 1226 1119 3546 
6947 164 165 3547 
6948 165 1227 3547 
6949 1227 164 3547 
6950 810 1160 3548 
6951 1160 1299 3548 
6952 1299 810 3548 
6953 188 189 3549 
6954 189 1228 3549 
6955 1228 188 3549 
6956 774 1116 3550 
6957 1116 1229 3550 
6958 1229 774 3550 
6959 596 790 3551 
6960 790 1230 3551 
6961 1230 596 3551 
6962 790 974 3552 
6963 974 1231 3552 
6964 1231 790 3552 
6965 209 210 3553 
6966 210 1232 3553 
6967 1232 209 3553 
6968 143 144 3554 
6969 144 1233 3554 
6970 1233 143 3554 
6971 72 73 3555 
6972 73 1234 3555 
6973 1234 72 3555 
6974 183 184 3556 
6975 184 1235 3556 
6976 1235 183 3556 
6977 32 33 3557 
6978 33 1236 3557 
6979 1236 32 3557 
6980 169 170 3558 
6981 170 1237 3558 
6982 1237 169 3558 
6983 157 158 3559 
6984 158 1238 3559 
6985 1238 157 3559 
6986 745 919 3560 
6987 919 1239 3560 
6988 1239 745 3560 
6989 195 196 3561 
6990 196 1240 3561 
6991 1240 195 3561 
6992 20 21 3562 
6993 21 1241 3562 
6994 1241 20 3562 
6995 131 132 3563 
6996 132 1242 3563 
6997 1242 131 3563 
6998 84 85 3564 
6999 85 1243 3564 
7000 1243 84 3564 
7001 1002 721 3565 
7002 721 1244 3565 
7003 1244 1002 3565 
7004 124 125 3566 
7005 125 1245 3566 
7006 1245 124 3566 
7007 13 14 3567 
7008 14 1246 3567 
7009 1246 13 3567 
7010 176 177 3568 
7011 177 1247 3568 
7012 1247 176 3568 
7013 655 784 3569 
7014 784 1248 3569 
7015 1248 655 3569 
7016 768 829 3570 
7017 829 1249 3570 
7018 1249 768 3570 
7019 599 791 3571 
7020 791 1250 3571 
7021 1250 599 3571 
7022 1070 658 3572 
7023 658 1251 3572 
7024 1251 1070 3572 
7025 251 940 3573 
7026 940 1252 3573 
7027 1252 251 3573 
7028 722 1052 3574 
7029 1052 1253 3574 
7030 1253 722 3574 
7031 1209 263 3575 
7032 263 1302 3575 
7033 1302 1209 3575 
7034 1066 723 3576 
7035 723 1254 3576 
7036 1254 1066 3576 
7037 1103 724 3577 
7038 724 1255 3577 
7039 1255 1103 3577 
7040 957 254 3578 
7041 254 1256 3578 
7042 1256 957 3578 
7043 726 1106 3579 
7044 1106 1257 3579 
7045 1257 726 3579 
7046 728 860 3580 
7047 860 1258 3580 
7048 1258 728 3580 
7049 207 208 3581 
7050 208 1259 3581 
7051 1259 207 3581 
7052 822 824 3582 
7053 824 1259 3582 
7054 1259 822 3582 
7055 1140 849 3583 
7056 849 1277 3583 
7057 1277 1140 3583 
7058 1050 984 3584 
7059 984 1260 3584 
7060 1260 1050 3584 
7061 865 864 3585 
7062 864 1262 3585 
7063 1262 865 3585 
7064 1142 525 3586 
7065 525 1285 3586 
7066 1285 1142 3586 
7067 807 805 3587 
7068 805 1261 3587 
7069 1261 807 3587 
7070 1096 1209 3588 
7071 1209 1302 3588 
7072 1302 1096 3588 
7073 527 1006 3589 
7074 1006 1263 3589 
7075 1263 527 3589 
7076 1111 1267 3590 
7077 1267 1268 3590 
7078 1268 1111 3590 
7079 1267 286 3591 
7080 286 1268 3591 
7081 1268 1267 3591 
7082 834 836 3592 
7083 836 1264 3592 
7084 1264 834 3592 
7085 833 834 3593 
7086 834 1265 3593 
7087 1265 833 3593 
7088 282 839 3594 
7089 839 1266 3594 
7090 1266 282 3594 
7091 834 1264 3595 
7092 1264 1265 3595 
7093 1265 834 3595 
7094 756 1268 3596 
7095 1268 1269 3596 
7096 1269 756 3596 
7097 839 286 3597 
7098 286 1267 3597 
7099 1267 839 3597 
7100 1266 839 3598 
7101 839 1267 3598 
7102 1267 1266 3598 
7103 757 756 3599 
7104 756 1269 3599 
7105 1269 757 3599 
7106 756 1111 3600 
7107 1111 1268 3600 
7108 1268 756 3600 
7109 292 1091 3601 
7110 1091 1264 3601 
7111 1264 292 3601 
7112 832 833 3602 
7113 833 1266 3602 
7114 1266 832 3602 
7115 1091 282 3603 
7116 282 1265 3603 
7117 1265 1091 3603 
7118 1264 1091 3604 
7119 1091 1265 3604 
7120 1265 1264 3604 
7121 286 812 3605 
7122 812 1268 3605 
7123 1268 286 3605 
7124 832 1266 3606 
7125 1266 1267 3606 
7126 1267 832 3606 
7127 1111 832 3607 
7128 832 1267 3607 
7129 1267 1111 3607 
7130 1268 812 3608 
7131 812 1269 3608 
7132 1269 1268 3608 
7133 812 294 3609 
7134 294 1269 3609 
7135 1269 812 3609 
7136 1265 282 3610 
7137 282 1266 3610 
7138 1266 1265 3610 
7139 833 1265 3611 
7140 1265 1266 3611 
7141 1266 833 3611 
7142 808 810 3612 
7143 810 1270 3612 
7144 1270 808 3612 
7145 889 1139 3613 
7146 1139 1273 3613 
7147 1273 889 3613 
7148 368 370 3614 
7149 370 1271 3614 
7150 1271 368 3614 
7151 212 1145 3615 
7152 1145 1280 3615 
7153 1280 212 3615 
7154 5 1146 3616 
7155 1146 1281 3616 
7156 1281 5 3616 
7157 104 1147 3617 
7158 1147 1282 3617 
7159 1282 104 3617 
7160 1163 850 3618 
7161 850 1291 3618 
7162 1291 1163 3618 
7163 388 387 3619 
7164 387 1272 3619 
7165 1272 388 3619 
7166 522 971 3620 
7167 971 1273 3620 
7168 1273 522 3620 
7169 498 580 3621 
7170 580 1274 3621 
7171 1274 498 3621 
7172 751 1028 3622 
7173 1028 1286 3622 
7174 1286 751 3622 
7175 873 1129 3623 
7176 1129 1275 3623 
7177 1275 873 3623 
7178 550 490 3624 
7179 490 1276 3624 
7180 1276 550 3624 
7181 642 949 3625 
7182 949 1277 3625 
7183 1277 642 3625 
7184 645 1149 3626 
7185 1149 1278 3626 
7186 1278 645 3626 
7187 277 1214 3627 
7188 1214 1303 3627 
7189 1303 277 3627 
7190 263 1213 3628 
7191 1213 1302 3628 
7192 1302 263 3628 
7193 888 889 3629 
7194 889 1278 3629 
7195 1278 888 3629 
7196 1210 245 3630 
7197 245 1300 3630 
7198 1300 1210 3630 
7199 294 112 3631 
7200 112 1284 3631 
7201 1284 294 3631 
7202 1208 229 3632 
7203 229 1298 3632 
7204 1298 1208 3632 
7205 553 367 3633 
7206 367 1279 3633 
7207 1279 553 3633 
7208 1133 552 3634 
7209 552 1283 3634 
7210 1283 1133 3634 
7211 293 220 3635 
7212 220 1281 3635 
7213 1281 293 3635 
7214 295 211 3636 
7215 211 1280 3636 
7216 1280 295 3636 
7217 296 103 3637 
7218 103 1282 3637 
7219 1282 296 3637 
7220 949 1140 3638 
7221 1140 1277 3638 
7222 1277 949 3638 
7223 227 1206 3639 
7224 1206 1296 3639 
7225 1296 227 3639 
7226 243 1205 3640 
7227 1205 1294 3640 
7228 1294 243 3640 
7229 1203 266 3641 
7230 266 1293 3641 
7231 1293 1203 3641 
7232 1202 279 3642 
7233 279 1295 3642 
7234 1295 1202 3642 
7235 649 1175 3643 
7236 1175 1288 3643 
7237 1288 649 3643 
7238 264 1201 3644 
7239 1201 1297 3644 
7240 1297 264 3644 
7241 1194 289 3645 
7242 289 1301 3645 
7243 1301 1194 3645 
7244 755 757 3646 
7245 757 1301 3646 
7246 1301 755 3646 
7247 879 1155 3647 
7248 1155 1286 3647 
7249 1286 879 3647 
7250 525 466 3648 
7251 466 1285 3648 
7252 1285 525 3648 
7253 1139 522 3649 
7254 522 1273 3649 
7255 1273 1139 3649 
7256 397 562 3650 
7257 562 1287 3650 
7258 1287 397 3650 
7259 1147 292 3651 
7260 292 1292 3651 
7261 1292 1147 3651 
7262 741 922 3652 
7263 922 1297 3652 
7264 1297 741 3652 
7265 871 873 3653 
7266 873 1288 3653 
7267 1288 871 3653 
7268 1025 520 3654 
7269 520 1289 3654 
7270 1289 1025 3654 
7271 520 437 3655 
7272 437 1290 3655 
7273 1290 520 3655 
7274 999 738 3656 
7275 738 1295 3656 
7276 1295 999 3656 
7277 1044 736 3657 
7278 736 1293 3657 
7279 1293 1044 3657 
7280 562 1048 3658 
7281 1048 1291 3658 
7282 1291 562 3658 
7283 734 1022 3659 
7284 1022 1294 3659 
7285 1294 734 3659 
7286 732 923 3660 
7287 923 1296 3660 
7288 1296 732 3660 
7289 949 729 3661 
7290 729 1298 3661 
7291 1298 949 3661 
7292 245 154 3662 
7293 154 1299 3662 
7294 1299 245 3662 
7295 905 727 3663 
7296 727 1300 3663 
7297 1300 905 3663 
7298 725 1096 3664 
7299 1096 1302 3664 
7300 1302 725 3664 
7301 730 943 3665 
7302 943 1303 3665 
7303 1303 730 3665 
7304 147 243 3666 
7305 243 1304 3666 
7306 1304 147 3666 
7307 1145 295 3667 
7308 295 1280 3667 
7309 1280 1145 3667 
7310 1146 293 3668 
7311 293 1281 3668 
7312 1281 1146 3668 
7313 1147 296 3669 
7314 296 1282 3669 
7315 1282 1147 3669 
7316 243 1165 3670 
7317 1165 1304 3670 
7318 1304 243 3670 
7319 1160 245 3671 
7320 245 1299 3671 
7321 1299 1160 3671 
7322 1149 888 3672 
7323 888 1278 3672 
7324 1278 1149 3672 
7325 1151 294 3673 
7326 294 1284 3673 
7327 1284 1151 3673 
7328 113 1151 3674 
7329 1151 1284 3674 
7330 1284 113 3674 
7331 1155 751 3675 
7332 751 1286 3675 
7333 1286 1155 3675 
7334 1048 1163 3676 
7335 1163 1291 3676 
7336 1291 1048 3676 
7337 1175 871 3677 
7338 871 1288 3677 
7339 1288 1175 3677 
7340 757 1194 3678 
7341 1194 1301 3678 
7342 1301 757 3678 
7343 1264 836 3679 
7344 836 1292 3679 
7345 1292 1264 3679 
7346 292 1264 3680 
7347 1264 1292 3680 
7348 1292 292 3680 
7349 836 1164 3681 
7350 1164 1292 3681 
7351 1292 836 3681 
7352 1201 741 3682 
7353 741 1297 3682 
7354 1297 1201 3682 
7355 1214 730 3683 
7356 730 1303 3683 
7357 1303 1214 3683 
7358 738 1202 3684 
7359 1202 1295 3684 
7360 1295 738 3684 
7361 1213 725 3685 
7362 725 1302 3685 
7363 1302 1213 3685 
7364 736 1203 3686 
7365 1203 1293 3686 
7366 1293 736 3686 
7367 727 1210 3687 
7368 1210 1300 3687 
7369 1300 727 3687 
7370 729 1208 3688 
7371 1208 1298 3688 
7372 1298 729 3688 
7373 1206 732 3689 
7374 732 1296 3689 
7375 1296 1206 3689 
7376 1205 734 3690 
7377 734 1294 3690 
7378 1294 1205 3690 
$EndElements
